Team,League,Year,G,W,L,Playoffs,RankSeason,RankPlayoffs,RS,RA,BA,OBP,SLG,OPS,OOBP,OSLG
ARI,NL,2012,162,81,81,FALSE,,,734,688,0.259,0.328,0.418,0.746,0.317,0.415
ATL,NL,2012,162,94,68,TRUE,4,5,700,600,0.247,0.32,0.389,0.709,0.306,0.378
BAL,AL,2012,162,93,69,TRUE,5,4,712,705,0.247,0.311,0.417,0.728,0.315,0.403
BOS,AL,2012,162,69,93,FALSE,,,734,806,0.26,0.315,0.415,0.73,0.331,0.428
CHC,NL,2012,162,61,101,FALSE,,,613,759,0.24,0.302,0.378,0.68,0.335,0.424
CHW,AL,2012,162,85,77,FALSE,,,748,676,0.255,0.318,0.422,0.74,0.319,0.405
CIN,NL,2012,162,97,65,TRUE,2,4,669,588,0.251,0.315,0.411,0.726,0.305,0.39
CLE,AL,2012,162,68,94,FALSE,,,667,845,0.251,0.324,0.381,0.705,0.336,0.43
COL,NL,2012,162,64,98,FALSE,,,758,890,0.274,0.33,0.436,0.766,0.357,0.47
DET,AL,2012,162,88,74,TRUE,6,2,726,670,0.268,0.335,0.422,0.757,0.314,0.402
HOU,NL,2012,162,55,107,FALSE,,,583,794,0.236,0.302,0.371,0.673,0.337,0.427
KCR,AL,2012,162,72,90,FALSE,,,676,746,0.265,0.317,0.4,0.717,0.339,0.423
LAA,AL,2012,162,89,73,FALSE,,,767,699,0.274,0.332,0.433,0.765,0.31,0.403
LAD,NL,2012,162,86,76,FALSE,,,637,597,0.252,0.317,0.374,0.691,0.31,0.364
MIA,NL,2012,162,69,93,FALSE,,,609,724,0.244,0.308,0.382,0.69,0.327,0.399
MIL,NL,2012,162,83,79,FALSE,,,776,733,0.259,0.325,0.437,0.762,0.326,0.414
MIN,AL,2012,162,66,96,FALSE,,,701,832,0.26,0.325,0.39,0.715,0.333,0.442
NYM,NL,2012,162,74,88,FALSE,,,650,709,0.249,0.316,0.386,0.702,0.315,0.401
NYY,AL,2012,162,95,67,TRUE,3,3,804,668,0.265,0.337,0.453,0.79,0.311,0.419
OAK,AL,2012,162,94,68,TRUE,4,4,713,614,0.238,0.31,0.404,0.714,0.306,0.378
PHI,NL,2012,162,81,81,FALSE,,,684,680,0.255,0.317,0.4,0.717,0.306,0.407
PIT,NL,2012,162,79,83,FALSE,,,651,674,0.243,0.304,0.395,0.699,0.314,0.39
SDP,NL,2012,162,76,86,FALSE,,,651,710,0.247,0.319,0.38,0.699,0.319,0.398
SEA,AL,2012,162,75,87,FALSE,,,619,651,0.234,0.296,0.369,0.665,0.308,0.394
SFG,NL,2012,162,94,68,TRUE,4,1,718,649,0.269,0.327,0.397,0.724,0.313,0.393
STL,NL,2012,162,88,74,TRUE,6,3,765,648,0.271,0.338,0.421,0.759,0.313,0.387
TBR,AL,2012,162,90,72,FALSE,,,697,577,0.24,0.317,0.394,0.711,0.294,0.352
TEX,AL,2012,162,93,69,TRUE,5,5,808,707,0.273,0.334,0.446,0.78,0.309,0.408
TOR,AL,2012,162,73,89,FALSE,,,716,784,0.245,0.309,0.407,0.716,0.335,0.438
WSN,NL,2012,162,98,64,TRUE,1,4,731,594,0.261,0.322,0.428,0.75,0.303,0.373
ARI,NL,2011,162,94,68,TRUE,5,4,731,662,0.25,0.322,0.413,0.735,0.316,0.409
ATL,NL,2011,162,89,73,FALSE,,,641,605,0.243,0.308,0.387,0.695,0.31,0.361
BAL,AL,2011,162,69,93,FALSE,,,708,860,0.257,0.316,0.413,0.729,0.341,0.46
BOS,AL,2011,162,90,72,FALSE,,,875,737,0.28,0.349,0.461,0.81,0.322,0.392
CHC,NL,2011,162,71,91,FALSE,,,654,756,0.256,0.314,0.401,0.715,0.335,0.413
CHW,AL,2011,162,79,83,FALSE,,,654,706,0.252,0.319,0.388,0.707,0.317,0.397
CIN,NL,2011,162,79,83,FALSE,,,735,720,0.256,0.326,0.408,0.734,0.325,0.415
CLE,AL,2011,162,80,82,FALSE,,,704,760,0.25,0.317,0.396,0.713,0.323,0.413
COL,NL,2011,162,73,89,FALSE,,,735,774,0.258,0.329,0.41,0.739,0.331,0.431
DET,AL,2011,162,95,67,TRUE,4,3,787,711,0.277,0.34,0.434,0.774,0.321,0.396
FLA,NL,2011,162,72,90,FALSE,,,625,702,0.247,0.318,0.388,0.706,0.316,0.401
HOU,NL,2011,162,56,106,FALSE,,,615,796,0.258,0.311,0.374,0.685,0.337,0.432
KCR,AL,2011,162,71,91,FALSE,,,730,762,0.275,0.329,0.415,0.744,0.337,0.425
LAA,AL,2011,162,86,76,FALSE,,,667,633,0.253,0.313,0.402,0.715,0.313,0.388
LAD,NL,2011,161,82,79,FALSE,,,644,612,0.257,0.322,0.375,0.697,0.31,0.371
MIL,NL,2011,162,96,66,TRUE,3,3,721,638,0.261,0.325,0.425,0.75,0.304,0.385
MIN,AL,2011,162,63,99,FALSE,,,619,804,0.247,0.306,0.36,0.666,0.34,0.435
NYM,NL,2011,162,77,85,FALSE,,,718,742,0.264,0.335,0.391,0.726,0.332,0.411
NYY,AL,2011,162,97,65,TRUE,2,4,867,657,0.263,0.343,0.444,0.787,0.322,0.399
OAK,AL,2011,162,74,88,FALSE,,,645,679,0.244,0.311,0.369,0.68,0.317,0.378
PHI,NL,2011,162,102,60,TRUE,1,4,713,529,0.253,0.323,0.395,0.718,0.296,0.361
PIT,NL,2011,162,72,90,FALSE,,,610,712,0.244,0.309,0.368,0.677,0.338,0.409
SDP,NL,2011,162,71,91,FALSE,,,593,611,0.237,0.305,0.349,0.654,0.314,0.375
SEA,AL,2011,162,67,95,FALSE,,,556,675,0.233,0.292,0.348,0.64,0.31,0.386
SFG,NL,2011,162,86,76,FALSE,,,570,578,0.242,0.303,0.368,0.671,0.309,0.346
STL,NL,2011,162,90,72,TRUE,7,1,762,692,0.273,0.341,0.425,0.766,0.319,0.398
TBR,AL,2011,162,91,71,TRUE,6,4,707,614,0.244,0.322,0.402,0.724,0.303,0.383
TEX,AL,2011,162,96,66,TRUE,3,2,855,677,0.283,0.34,0.46,0.8,0.307,0.392
TOR,AL,2011,162,81,81,FALSE,,,743,761,0.249,0.317,0.413,0.73,0.328,0.419
WSN,NL,2011,161,80,81,FALSE,,,624,643,0.242,0.309,0.383,0.692,0.319,0.382
ARI,NL,2010,162,65,97,FALSE,,,713,836,0.25,0.325,0.416,0.741,0.34,0.448
ATL,NL,2010,162,91,71,TRUE,6,4,738,629,0.258,0.339,0.401,0.74,0.314,0.376
BAL,AL,2010,162,66,96,FALSE,,,613,785,0.259,0.316,0.386,0.702,0.336,0.434
BOS,AL,2010,162,89,73,FALSE,,,818,744,0.268,0.339,0.451,0.79,0.327,0.399
CHC,NL,2010,162,75,87,FALSE,,,685,767,0.257,0.32,0.401,0.721,0.334,0.398
CHW,AL,2010,162,88,74,FALSE,,,752,704,0.268,0.332,0.42,0.752,0.325,0.395
CIN,NL,2010,162,91,71,TRUE,6,4,790,685,0.272,0.338,0.436,0.774,0.323,0.396
CLE,AL,2010,162,69,93,FALSE,,,646,752,0.248,0.322,0.378,0.7,0.342,0.416
COL,NL,2010,162,83,79,FALSE,,,770,717,0.263,0.336,0.425,0.761,0.326,0.397
DET,AL,2010,162,81,81,FALSE,,,751,743,0.268,0.335,0.415,0.75,0.332,0.4
FLA,NL,2010,162,80,82,FALSE,,,719,717,0.254,0.321,0.403,0.724,0.331,0.398
HOU,NL,2010,162,76,86,FALSE,,,611,729,0.247,0.303,0.362,0.665,0.33,0.402
KCR,AL,2010,162,67,95,FALSE,,,676,845,0.274,0.331,0.399,0.73,0.342,0.435
LAA,AL,2010,162,80,82,FALSE,,,681,702,0.248,0.311,0.39,0.701,0.327,0.403
LAD,NL,2010,162,80,82,FALSE,,,667,692,0.252,0.322,0.379,0.701,0.316,0.378
MIL,NL,2010,162,77,85,FALSE,,,750,804,0.262,0.335,0.424,0.759,0.338,0.427
MIN,AL,2010,162,94,68,TRUE,4,4,781,671,0.273,0.341,0.422,0.763,0.317,0.417
NYM,NL,2010,162,79,83,FALSE,,,656,652,0.249,0.314,0.383,0.697,0.33,0.394
NYY,AL,2010,162,95,67,TRUE,3,3,859,693,0.267,0.35,0.436,0.786,0.322,0.399
OAK,AL,2010,162,81,81,FALSE,,,663,626,0.256,0.324,0.378,0.702,0.313,0.379
PHI,NL,2010,162,97,65,TRUE,1,3,772,640,0.26,0.332,0.413,0.745,0.311,0.405
PIT,NL,2010,162,57,105,FALSE,,,587,866,0.242,0.304,0.373,0.677,0.348,0.449
SDP,NL,2010,162,90,72,FALSE,,,665,581,0.246,0.317,0.371,0.688,0.308,0.368
SEA,AL,2010,162,61,101,FALSE,,,513,698,0.236,0.298,0.339,0.637,0.313,0.401
SFG,NL,2010,162,92,70,TRUE,5,1,697,583,0.257,0.321,0.408,0.729,0.313,0.37
STL,NL,2010,162,86,76,FALSE,,,736,641,0.263,0.332,0.402,0.734,0.319,0.387
TBR,AL,2010,162,96,66,TRUE,2,4,802,649,0.247,0.333,0.403,0.736,0.308,0.404
TEX,AL,2010,162,90,72,TRUE,7,2,787,687,0.276,0.338,0.419,0.757,0.319,0.39
TOR,AL,2010,162,85,77,FALSE,,,755,728,0.248,0.312,0.454,0.766,0.326,0.405
WSN,NL,2010,162,69,93,FALSE,,,655,742,0.25,0.318,0.39,0.708,0.33,0.41
ARI,NL,2009,162,70,92,FALSE,,,720,782,0.253,0.324,0.418,0.742,0.33,0.419
ATL,NL,2009,162,86,76,FALSE,,,735,641,0.263,0.339,0.405,0.744,0.323,0.39
BAL,AL,2009,162,64,98,FALSE,,,741,876,0.268,0.332,0.415,0.747,0.353,0.476
BOS,AL,2009,162,95,67,TRUE,3,4,872,736,0.27,0.352,0.454,0.806,0.335,0.422
CHC,NL,2009,161,83,78,FALSE,,,707,672,0.255,0.332,0.407,0.739,0.324,0.391
CHW,AL,2009,162,79,83,FALSE,,,724,732,0.258,0.329,0.411,0.74,0.325,0.414
CIN,NL,2009,162,78,84,FALSE,,,673,723,0.247,0.318,0.394,0.712,0.333,0.418
CLE,AL,2009,162,65,97,FALSE,,,773,865,0.264,0.339,0.417,0.756,0.351,0.443
COL,NL,2009,162,92,70,TRUE,5,4,804,715,0.261,0.343,0.441,0.784,0.328,0.405
DET,AL,2009,163,86,77,FALSE,,,743,745,0.26,0.331,0.416,0.747,0.336,0.422
FLA,NL,2009,162,87,75,FALSE,,,772,766,0.268,0.34,0.416,0.756,0.333,0.408
HOU,NL,2009,162,74,88,FALSE,,,643,770,0.26,0.319,0.4,0.719,0.344,0.44
KCR,AL,2009,162,65,97,FALSE,,,686,842,0.259,0.318,0.405,0.723,0.343,0.422
LAA,AL,2009,162,97,65,TRUE,2,3,883,761,0.285,0.35,0.441,0.791,0.338,0.432
LAD,NL,2009,162,95,67,TRUE,3,3,780,611,0.27,0.346,0.412,0.758,0.312,0.361
MIL,NL,2009,162,80,82,FALSE,,,785,818,0.263,0.341,0.426,0.767,0.345,0.45
MIN,AL,2009,163,87,76,TRUE,7,4,817,765,0.274,0.345,0.429,0.774,0.331,0.431
NYM,NL,2009,162,70,92,FALSE,,,671,757,0.27,0.335,0.394,0.729,0.342,0.418
NYY,AL,2009,162,103,59,TRUE,1,1,915,753,0.283,0.362,0.478,0.84,0.327,0.408
OAK,AL,2009,162,75,87,FALSE,,,759,761,0.262,0.328,0.397,0.725,0.329,0.413
PHI,NL,2009,162,93,69,TRUE,4,2,820,709,0.258,0.334,0.447,0.781,0.329,0.427
PIT,NL,2009,161,62,99,FALSE,,,636,768,0.252,0.318,0.387,0.705,0.346,0.442
SDP,NL,2009,162,75,87,FALSE,,,638,769,0.242,0.321,0.381,0.702,0.333,0.406
SEA,AL,2009,162,85,77,FALSE,,,640,692,0.258,0.314,0.402,0.716,0.316,0.394
SFG,NL,2009,162,88,74,FALSE,,,657,611,0.257,0.309,0.389,0.698,0.314,0.372
STL,NL,2009,162,91,71,TRUE,6,4,730,640,0.263,0.332,0.415,0.747,0.319,0.386
TBR,AL,2009,162,84,78,FALSE,,,803,754,0.263,0.343,0.439,0.782,0.324,0.417
TEX,AL,2009,162,87,75,FALSE,,,784,740,0.26,0.32,0.445,0.765,0.331,0.416
TOR,AL,2009,162,75,87,FALSE,,,798,771,0.266,0.333,0.44,0.773,0.339,0.434
WSN,NL,2009,162,59,103,FALSE,,,710,874,0.258,0.337,0.406,0.743,0.352,0.45
ARI,NL,2008,162,82,80,FALSE,,,720,706,0.251,0.327,0.415,0.742,0.318,0.398
ATL,NL,2008,162,72,90,FALSE,,,753,778,0.27,0.345,0.408,0.753,0.336,0.423
BAL,AL,2008,161,68,93,FALSE,,,782,869,0.267,0.333,0.429,0.762,0.361,0.435
BOS,AL,2008,162,95,67,TRUE,3,3,845,694,0.28,0.358,0.447,0.805,0.323,0.39
CHC,NL,2008,161,97,64,TRUE,2,4,855,671,0.278,0.354,0.443,0.797,0.316,0.395
CHW,AL,2008,163,89,74,TRUE,6,4,811,729,0.263,0.332,0.448,0.78,0.32,0.41
CIN,NL,2008,162,74,88,FALSE,,,704,800,0.247,0.321,0.408,0.729,0.345,0.45
CLE,AL,2008,162,81,81,FALSE,,,805,761,0.262,0.339,0.424,0.763,0.33,0.424
COL,NL,2008,162,74,88,FALSE,,,747,822,0.263,0.336,0.415,0.751,0.344,0.431
DET,AL,2008,162,74,88,FALSE,,,821,857,0.271,0.34,0.444,0.784,0.353,0.437
FLA,NL,2008,161,84,77,FALSE,,,770,767,0.254,0.326,0.433,0.759,0.333,0.407
HOU,NL,2008,161,86,75,FALSE,,,712,743,0.263,0.323,0.415,0.738,0.328,0.44
KCR,AL,2008,162,75,87,FALSE,,,691,781,0.269,0.32,0.397,0.717,0.328,0.415
LAA,AL,2008,162,100,62,TRUE,1,4,765,697,0.268,0.33,0.413,0.743,0.323,0.406
LAD,NL,2008,162,84,78,TRUE,7,3,700,648,0.264,0.333,0.399,0.732,0.315,0.376
MIL,NL,2008,162,90,72,TRUE,5,4,750,689,0.253,0.325,0.431,0.756,0.323,0.406
MIN,AL,2008,163,88,75,FALSE,,,829,745,0.279,0.34,0.408,0.748,0.324,0.431
NYM,NL,2008,162,89,73,FALSE,,,799,715,0.266,0.34,0.42,0.76,0.331,0.397
NYY,AL,2008,162,89,73,FALSE,,,789,727,0.271,0.342,0.427,0.769,0.329,0.405
OAK,AL,2008,161,75,86,FALSE,,,646,690,0.242,0.318,0.369,0.687,0.328,0.392
PHI,NL,2008,162,92,70,TRUE,4,1,799,680,0.255,0.332,0.438,0.77,0.329,0.41
PIT,NL,2008,162,67,95,FALSE,,,735,884,0.258,0.32,0.403,0.723,0.362,0.454
SDP,NL,2008,162,63,99,FALSE,,,637,764,0.25,0.317,0.39,0.707,0.332,0.409
SEA,AL,2008,162,61,101,FALSE,,,671,811,0.265,0.318,0.389,0.707,0.351,0.433
SFG,NL,2008,162,72,90,FALSE,,,640,759,0.262,0.321,0.382,0.703,0.341,0.404
STL,NL,2008,162,86,76,FALSE,,,779,725,0.281,0.35,0.433,0.783,0.332,0.431
TBR,AL,2008,162,97,65,TRUE,2,2,774,671,0.26,0.34,0.422,0.762,0.314,0.4
TEX,AL,2008,162,79,83,FALSE,,,901,967,0.283,0.354,0.462,0.816,0.362,0.455
TOR,AL,2008,162,86,76,FALSE,,,714,610,0.264,0.331,0.399,0.73,0.309,0.38
WSN,NL,2008,161,59,102,FALSE,,,641,825,0.251,0.323,0.373,0.696,0.343,0.436
ARI,NL,2007,162,90,72,TRUE,3,3,712,732,0.25,0.321,0.413,0.734,0.334,0.42
ATL,NL,2007,162,84,78,FALSE,,,810,733,0.275,0.339,0.435,0.774,0.327,0.415
BAL,AL,2007,162,69,93,FALSE,,,756,868,0.272,0.333,0.412,0.745,0.354,0.412
BOS,AL,2007,162,96,66,TRUE,1,1,867,657,0.279,0.362,0.444,0.806,0.314,0.392
CHC,NL,2007,162,85,77,TRUE,5,4,752,690,0.271,0.333,0.422,0.755,0.322,0.399
CHW,AL,2007,162,72,90,FALSE,,,693,839,0.246,0.318,0.404,0.722,0.338,0.435
CIN,NL,2007,162,72,90,FALSE,,,783,853,0.267,0.335,0.436,0.771,0.343,0.456
CLE,AL,2007,162,96,66,TRUE,1,3,811,704,0.268,0.343,0.428,0.771,0.322,0.407
COL,NL,2007,163,90,73,TRUE,3,2,860,758,0.28,0.354,0.437,0.791,0.33,0.423
DET,AL,2007,162,88,74,FALSE,,,887,797,0.287,0.345,0.458,0.803,0.338,0.427
FLA,NL,2007,162,71,91,FALSE,,,790,891,0.267,0.336,0.448,0.784,0.364,0.442
HOU,NL,2007,162,73,89,FALSE,,,723,813,0.26,0.33,0.412,0.742,0.337,0.454
KCR,AL,2007,162,69,93,FALSE,,,706,778,0.261,0.322,0.388,0.71,0.339,0.445
LAA,AL,2007,162,94,68,TRUE,2,4,822,731,0.284,0.345,0.417,0.762,0.328,0.412
LAD,NL,2007,162,82,80,FALSE,,,735,727,0.275,0.337,0.406,0.743,0.326,0.399
MIL,NL,2007,162,83,79,FALSE,,,801,776,0.262,0.329,0.456,0.785,0.333,0.422
MIN,AL,2007,162,79,83,FALSE,,,718,725,0.264,0.33,0.391,0.721,0.324,0.431
NYM,NL,2007,162,88,74,FALSE,,,804,750,0.275,0.342,0.432,0.774,0.329,0.409
NYY,AL,2007,162,94,68,TRUE,2,4,968,777,0.29,0.366,0.463,0.829,0.34,0.417
OAK,AL,2007,162,76,86,FALSE,,,741,758,0.256,0.338,0.407,0.745,0.329,0.404
PHI,NL,2007,162,89,73,TRUE,4,4,892,821,0.274,0.354,0.458,0.812,0.346,0.451
PIT,NL,2007,162,68,94,FALSE,,,724,846,0.263,0.325,0.411,0.736,0.352,0.447
SDP,NL,2007,163,89,74,FALSE,,,741,666,0.251,0.322,0.411,0.733,0.311,0.374
SEA,AL,2007,162,88,74,FALSE,,,794,813,0.287,0.337,0.425,0.762,0.349,0.431
SFG,NL,2007,162,71,91,FALSE,,,683,720,0.254,0.322,0.387,0.709,0.334,0.405
STL,NL,2007,162,78,84,FALSE,,,725,829,0.274,0.337,0.405,0.742,0.336,0.431
TBD,AL,2007,162,66,96,FALSE,,,782,944,0.268,0.336,0.433,0.769,0.358,0.467
TEX,AL,2007,162,75,87,FALSE,,,816,844,0.263,0.328,0.426,0.754,0.356,0.423
TOR,AL,2007,162,83,79,FALSE,,,753,699,0.259,0.327,0.419,0.746,0.315,0.391
WSN,NL,2007,162,73,89,FALSE,,,673,783,0.256,0.325,0.39,0.715,0.339,0.433
ARI,NL,2006,162,76,86,FALSE,,,773,788,0.267,0.331,0.424,0.755,0.335,0.431
ATL,NL,2006,162,79,83,FALSE,,,849,805,0.27,0.337,0.455,0.792,0.343,0.438
BAL,AL,2006,162,70,92,FALSE,,,768,899,0.277,0.339,0.424,0.763,0.357,0.462
BOS,AL,2006,162,86,76,FALSE,,,820,825,0.269,0.351,0.435,0.786,0.343,0.447
CHC,NL,2006,162,66,96,FALSE,,,716,834,0.268,0.319,0.422,0.741,0.342,0.431
CHW,AL,2006,162,90,72,FALSE,,,868,794,0.28,0.342,0.464,0.806,0.326,0.44
CIN,NL,2006,162,80,82,FALSE,,,749,801,0.257,0.336,0.432,0.768,0.337,0.457
CLE,AL,2006,162,78,84,FALSE,,,870,782,0.28,0.349,0.457,0.806,0.335,0.431
COL,NL,2006,162,76,86,FALSE,,,813,812,0.27,0.341,0.433,0.774,0.346,0.438
DET,AL,2006,162,95,67,TRUE,3,2,822,675,0.274,0.329,0.449,0.778,0.321,0.405
FLA,NL,2006,162,78,84,FALSE,,,758,772,0.264,0.331,0.435,0.766,0.347,0.423
HOU,NL,2006,162,82,80,FALSE,,,735,719,0.255,0.332,0.409,0.741,0.319,0.421
KCR,AL,2006,162,62,100,FALSE,,,757,971,0.271,0.332,0.411,0.743,0.367,0.476
LAA,AL,2006,162,89,73,FALSE,,,766,732,0.274,0.334,0.425,0.759,0.316,0.402
LAD,NL,2006,162,88,74,TRUE,5,4,820,751,0.276,0.348,0.432,0.78,0.33,0.418
MIL,NL,2006,162,75,87,FALSE,,,730,833,0.258,0.327,0.42,0.747,0.333,0.438
MIN,AL,2006,162,96,66,TRUE,2,4,801,683,0.287,0.347,0.425,0.772,0.312,0.423
NYM,NL,2006,162,97,65,TRUE,1,3,834,731,0.264,0.334,0.445,0.779,0.323,0.407
NYY,AL,2006,162,97,65,TRUE,1,4,930,767,0.285,0.363,0.461,0.824,0.326,0.413
OAK,AL,2006,162,93,69,TRUE,4,3,771,727,0.26,0.34,0.412,0.752,0.338,0.422
PHI,NL,2006,162,85,77,FALSE,,,865,812,0.267,0.347,0.447,0.794,0.339,0.46
PIT,NL,2006,162,67,95,FALSE,,,691,797,0.263,0.327,0.397,0.724,0.357,0.431
SDP,NL,2006,162,88,74,TRUE,5,4,731,679,0.263,0.332,0.416,0.748,0.312,0.404
SEA,AL,2006,162,78,84,FALSE,,,756,792,0.272,0.325,0.424,0.749,0.337,0.432
SFG,NL,2006,161,76,85,FALSE,,,746,790,0.259,0.324,0.422,0.746,0.337,0.415
STL,NL,2006,161,83,78,TRUE,6,1,781,762,0.269,0.337,0.431,0.768,0.337,0.443
TBD,AL,2006,162,61,101,FALSE,,,689,856,0.255,0.314,0.42,0.734,0.358,0.452
TEX,AL,2006,162,80,82,FALSE,,,835,784,0.278,0.338,0.446,0.784,0.341,0.424
TOR,AL,2006,162,87,75,FALSE,,,809,754,0.284,0.348,0.463,0.811,0.328,0.422
WSN,NL,2006,162,71,91,FALSE,,,746,872,0.262,0.338,0.418,0.756,0.349,0.447
ARI,NL,2005,162,77,85,FALSE,,,696,856,0.256,0.332,0.421,0.753,0.345,0.455
ATL,NL,2005,162,90,72,TRUE,4,4,769,674,0.265,0.333,0.435,0.768,0.333,0.406
BAL,AL,2005,162,74,88,FALSE,,,729,800,0.269,0.327,0.434,0.761,0.336,0.416
BOS,AL,2005,162,95,67,TRUE,3,4,910,805,0.281,0.357,0.454,0.811,0.335,0.441
CHC,NL,2005,162,79,83,FALSE,,,703,714,0.27,0.324,0.44,0.764,0.325,0.407
CHW,AL,2005,162,99,63,TRUE,2,1,741,645,0.262,0.322,0.425,0.747,0.31,0.397
CIN,NL,2005,163,73,90,FALSE,,,820,889,0.261,0.339,0.446,0.785,0.352,0.483
CLE,AL,2005,162,93,69,FALSE,,,790,642,0.271,0.334,0.453,0.787,0.302,0.387
COL,NL,2005,162,67,95,FALSE,,,740,862,0.267,0.333,0.411,0.744,0.362,0.457
DET,AL,2005,162,71,91,FALSE,,,723,787,0.272,0.321,0.428,0.749,0.33,0.436
FLA,NL,2005,162,83,79,FALSE,,,717,732,0.272,0.339,0.409,0.748,0.339,0.402
HOU,NL,2005,163,89,74,TRUE,5,2,693,609,0.256,0.322,0.408,0.73,0.308,0.389
KCR,AL,2005,162,56,106,FALSE,,,701,935,0.263,0.32,0.396,0.716,0.362,0.463
LAA,AL,2005,162,95,67,TRUE,3,3,761,643,0.27,0.325,0.409,0.734,0.312,0.401
LAD,NL,2005,162,71,91,FALSE,,,685,755,0.253,0.326,0.395,0.721,0.327,0.429
MIL,NL,2005,162,81,81,FALSE,,,726,697,0.259,0.331,0.423,0.754,0.324,0.408
MIN,AL,2005,162,83,79,FALSE,,,688,662,0.259,0.323,0.391,0.714,0.307,0.408
NYM,NL,2005,162,83,79,FALSE,,,722,648,0.258,0.322,0.416,0.738,0.321,0.387
NYY,AL,2005,162,95,67,TRUE,3,4,886,789,0.276,0.355,0.45,0.805,0.332,0.422
OAK,AL,2005,162,88,74,FALSE,,,772,658,0.262,0.33,0.407,0.737,0.311,0.382
PHI,NL,2005,162,88,74,FALSE,,,807,726,0.27,0.348,0.423,0.771,0.32,0.426
PIT,NL,2005,162,67,95,FALSE,,,680,769,0.259,0.322,0.4,0.722,0.344,0.424
SDP,NL,2005,162,82,80,TRUE,6,4,684,726,0.257,0.333,0.391,0.724,0.322,0.408
SEA,AL,2005,162,69,93,FALSE,,,699,751,0.256,0.317,0.391,0.708,0.332,0.422
SFG,NL,2005,162,75,87,FALSE,,,649,745,0.261,0.319,0.396,0.715,0.336,0.412
STL,NL,2005,162,100,62,TRUE,1,3,805,634,0.27,0.339,0.423,0.762,0.318,0.398
TBD,AL,2005,162,67,95,FALSE,,,750,936,0.274,0.329,0.425,0.754,0.355,0.455
TEX,AL,2005,162,79,83,FALSE,,,865,858,0.267,0.329,0.468,0.797,0.343,0.428
TOR,AL,2005,162,80,82,FALSE,,,775,705,0.265,0.331,0.407,0.738,0.324,0.418
WSN,NL,2005,162,81,81,FALSE,,,639,673,0.252,0.322,0.386,0.708,0.333,0.396
ANA,AL,2004,162,92,70,TRUE,6,4,836,734,0.282,0.341,0.429,0.77,0.326,0.415
ARI,NL,2004,162,51,111,FALSE,,,615,899,0.253,0.31,0.393,0.703,0.35,0.439
ATL,NL,2004,162,96,66,TRUE,4,4,803,668,0.27,0.343,0.434,0.777,0.329,0.4
BAL,AL,2004,162,78,84,FALSE,,,842,830,0.281,0.345,0.432,0.777,0.348,0.404
BOS,AL,2004,162,98,64,TRUE,3,1,949,768,0.282,0.36,0.472,0.832,0.318,0.408
CHC,NL,2004,162,89,73,FALSE,,,789,665,0.268,0.328,0.458,0.786,0.321,0.395
CHW,AL,2004,162,83,79,FALSE,,,865,831,0.268,0.333,0.457,0.79,0.338,0.453
CIN,NL,2004,162,76,86,FALSE,,,750,907,0.25,0.331,0.418,0.749,0.348,0.481
CLE,AL,2004,162,80,82,FALSE,,,858,857,0.276,0.351,0.444,0.795,0.342,0.445
COL,NL,2004,162,68,94,FALSE,,,833,923,0.275,0.345,0.455,0.8,0.372,0.471
DET,AL,2004,162,72,90,FALSE,,,827,844,0.272,0.337,0.449,0.786,0.34,0.441
FLA,NL,2004,162,83,79,FALSE,,,718,700,0.264,0.329,0.406,0.735,0.324,0.412
HOU,NL,2004,162,92,70,TRUE,6,3,803,698,0.267,0.342,0.436,0.778,0.328,0.417
KCR,AL,2004,162,58,104,FALSE,,,720,905,0.259,0.322,0.397,0.719,0.352,0.476
LAD,NL,2004,162,93,69,TRUE,5,4,761,684,0.262,0.332,0.423,0.755,0.323,0.408
MIL,NL,2004,161,67,94,FALSE,,,634,757,0.248,0.321,0.387,0.708,0.32,0.417
MIN,AL,2004,162,92,70,TRUE,6,4,780,715,0.266,0.332,0.431,0.763,0.323,0.406
MON,NL,2004,162,67,95,FALSE,,,635,769,0.249,0.313,0.392,0.705,0.342,0.431
NYM,NL,2004,162,71,91,FALSE,,,684,731,0.249,0.317,0.409,0.726,0.335,0.405
NYY,AL,2004,162,101,61,TRUE,2,3,897,808,0.268,0.353,0.458,0.811,0.328,0.432
OAK,AL,2004,162,91,71,FALSE,,,793,742,0.27,0.343,0.433,0.776,0.332,0.409
PHI,NL,2004,162,86,76,FALSE,,,840,781,0.267,0.345,0.443,0.788,0.33,0.448
PIT,NL,2004,161,72,89,FALSE,,,680,744,0.26,0.321,0.401,0.722,0.342,0.416
SDP,NL,2004,162,87,75,FALSE,,,768,705,0.273,0.342,0.414,0.756,0.318,0.431
SEA,AL,2004,162,63,99,FALSE,,,698,823,0.27,0.331,0.396,0.727,0.338,0.441
SFG,NL,2004,162,91,71,FALSE,,,850,770,0.27,0.357,0.438,0.795,0.332,0.423
STL,NL,2004,162,105,57,TRUE,1,2,855,659,0.278,0.344,0.46,0.804,0.313,0.403
TBD,AL,2004,161,70,91,FALSE,,,714,842,0.258,0.32,0.405,0.725,0.342,0.438
TEX,AL,2004,162,89,73,FALSE,,,860,794,0.266,0.329,0.457,0.786,0.344,0.432
TOR,AL,2004,161,67,94,FALSE,,,719,823,0.26,0.328,0.403,0.731,0.348,0.434
ANA,AL,2003,162,77,85,FALSE,,,736,743,0.268,0.33,0.413,0.743,0.327,0.421
ARI,NL,2003,162,84,78,FALSE,,,717,685,0.263,0.33,0.417,0.747,0.322,0.388
ATL,NL,2003,162,101,61,TRUE,1,4,907,740,0.284,0.349,0.475,0.824,0.327,0.401
BAL,AL,2003,163,71,92,FALSE,,,743,820,0.268,0.323,0.405,0.728,0.346,0.446
BOS,AL,2003,162,95,67,TRUE,4,3,961,809,0.289,0.36,0.491,0.851,0.327,0.415
CHC,NL,2003,162,88,74,TRUE,7,3,724,683,0.259,0.323,0.416,0.739,0.324,0.372
CHW,AL,2003,162,86,76,FALSE,,,791,715,0.263,0.331,0.446,0.777,0.322,0.404
CIN,NL,2003,162,69,93,FALSE,,,694,886,0.245,0.318,0.395,0.713,0.349,0.463
CLE,AL,2003,162,68,94,FALSE,,,699,778,0.254,0.316,0.401,0.717,0.329,0.426
COL,NL,2003,162,74,88,FALSE,,,853,892,0.267,0.344,0.445,0.789,0.359,0.47
DET,AL,2003,162,43,119,FALSE,,,591,928,0.24,0.3,0.375,0.675,0.352,0.461
FLA,NL,2003,162,91,71,TRUE,5,1,751,692,0.266,0.333,0.421,0.754,0.325,0.396
HOU,NL,2003,162,87,75,FALSE,,,805,677,0.263,0.336,0.431,0.767,0.326,0.397
KCR,AL,2003,162,83,79,FALSE,,,836,867,0.274,0.336,0.427,0.763,0.348,0.45
LAD,NL,2003,162,85,77,FALSE,,,574,556,0.243,0.303,0.368,0.671,0.306,0.354
MIL,NL,2003,162,68,94,FALSE,,,714,873,0.256,0.329,0.419,0.748,0.348,0.462
MIN,AL,2003,162,90,72,TRUE,6,4,801,758,0.277,0.341,0.431,0.772,0.319,0.428
MON,NL,2003,162,83,79,FALSE,,,711,716,0.258,0.326,0.401,0.727,0.327,0.423
NYM,NL,2003,161,66,95,FALSE,,,642,754,0.247,0.314,0.374,0.688,0.345,0.438
NYY,AL,2003,163,101,62,TRUE,1,2,877,716,0.271,0.356,0.453,0.809,0.314,0.407
OAK,AL,2003,162,96,66,TRUE,3,4,768,643,0.254,0.327,0.417,0.744,0.314,0.376
PHI,NL,2003,162,86,76,FALSE,,,791,697,0.261,0.343,0.419,0.762,0.327,0.401
PIT,NL,2003,162,75,87,FALSE,,,753,801,0.267,0.338,0.42,0.758,0.336,0.431
SDP,NL,2003,162,64,98,FALSE,,,678,831,0.261,0.333,0.388,0.721,0.341,0.437
SEA,AL,2003,162,93,69,FALSE,,,795,637,0.271,0.344,0.41,0.754,0.311,0.388
SFG,NL,2003,161,100,61,TRUE,2,4,755,638,0.264,0.338,0.425,0.763,0.321,0.386
STL,NL,2003,162,85,77,FALSE,,,876,796,0.279,0.35,0.454,0.804,0.336,0.452
TBD,AL,2003,162,63,99,FALSE,,,715,852,0.265,0.32,0.404,0.724,0.347,0.44
TEX,AL,2003,162,71,91,FALSE,,,826,969,0.266,0.33,0.454,0.784,0.36,0.473
TOR,AL,2003,162,86,76,FALSE,,,894,826,0.279,0.349,0.455,0.804,0.337,0.441
ANA,AL,2002,162,99,63,TRUE,3,1,851,644,0.282,0.341,0.433,0.774,0.314,0.392
ARI,NL,2002,162,98,64,TRUE,4,4,819,674,0.267,0.346,0.423,0.769,0.305,0.397
ATL,NL,2002,161,101,60,TRUE,2,4,708,565,0.26,0.331,0.409,0.74,0.313,0.364
BAL,AL,2002,162,67,95,FALSE,,,667,773,0.246,0.309,0.403,0.712,0.336,0.435
BOS,AL,2002,162,93,69,FALSE,,,859,665,0.277,0.345,0.444,0.789,0.308,0.385
CHC,NL,2002,162,67,95,FALSE,,,706,759,0.246,0.321,0.413,0.734,0.331,0.407
CHW,AL,2002,162,81,81,FALSE,,,856,798,0.268,0.338,0.449,0.787,0.33,0.423
CIN,NL,2002,162,78,84,FALSE,,,709,774,0.253,0.33,0.408,0.738,0.338,0.426
CLE,AL,2002,162,74,88,FALSE,,,739,837,0.249,0.321,0.412,0.733,0.348,0.423
COL,NL,2002,162,73,89,FALSE,,,778,898,0.274,0.337,0.423,0.76,0.349,0.466
DET,AL,2002,161,55,106,FALSE,,,575,864,0.248,0.3,0.379,0.679,0.343,0.455
FLA,NL,2002,162,79,83,FALSE,,,699,763,0.261,0.337,0.403,0.74,0.341,0.415
HOU,NL,2002,162,84,78,FALSE,,,749,695,0.262,0.338,0.417,0.755,0.33,0.41
KCR,AL,2002,162,62,100,FALSE,,,737,891,0.256,0.323,0.398,0.721,0.349,0.464
LAD,NL,2002,162,92,70,FALSE,,,713,643,0.264,0.32,0.409,0.729,0.315,0.387
MIL,NL,2002,162,56,106,FALSE,,,627,821,0.253,0.32,0.39,0.71,0.352,0.442
MIN,AL,2002,161,94,67,TRUE,7,3,768,712,0.272,0.332,0.437,0.769,0.318,0.421
MON,NL,2002,162,83,79,FALSE,,,735,718,0.261,0.334,0.418,0.752,0.329,0.421
NYM,NL,2002,161,75,86,FALSE,,,690,703,0.256,0.322,0.395,0.717,0.327,0.403
NYY,AL,2002,161,103,58,TRUE,1,4,897,697,0.275,0.354,0.455,0.809,0.309,0.395
OAK,AL,2002,162,103,59,TRUE,1,4,800,654,0.261,0.339,0.432,0.771,0.315,0.384
PHI,NL,2002,161,80,81,FALSE,,,710,724,0.259,0.339,0.422,0.761,0.328,0.401
PIT,NL,2002,161,72,89,FALSE,,,641,730,0.244,0.319,0.381,0.7,0.342,0.423
SDP,NL,2002,162,66,96,FALSE,,,662,815,0.253,0.321,0.381,0.702,0.346,0.442
SEA,AL,2002,162,93,69,FALSE,,,814,699,0.275,0.35,0.419,0.769,0.315,0.41
SFG,NL,2002,162,95,67,TRUE,6,2,783,616,0.267,0.344,0.442,0.786,0.319,0.372
STL,NL,2002,162,97,65,TRUE,5,3,787,648,0.268,0.338,0.425,0.763,0.323,0.386
TBD,AL,2002,161,55,106,FALSE,,,673,918,0.253,0.314,0.39,0.704,0.357,0.463
TEX,AL,2002,162,72,90,FALSE,,,843,882,0.269,0.338,0.455,0.793,0.355,0.451
TOR,AL,2002,162,78,84,FALSE,,,813,828,0.261,0.327,0.43,0.757,0.344,0.431
ANA,AL,2001,162,75,87,FALSE,,,691,730,0.261,0.327,0.405,0.732,0.331,0.412
ARI,NL,2001,162,92,70,TRUE,5,1,818,677,0.267,0.341,0.442,0.783,0.311,0.404
ATL,NL,2001,162,88,74,TRUE,7,3,729,643,0.26,0.324,0.412,0.736,0.314,0.384
BAL,AL,2001,162,63,99,FALSE,,,687,829,0.248,0.319,0.38,0.699,0.337,0.439
BOS,AL,2001,161,82,79,FALSE,,,772,745,0.266,0.334,0.439,0.773,0.329,0.393
CHC,NL,2001,162,88,74,FALSE,,,777,701,0.261,0.336,0.43,0.766,0.321,0.398
CHW,AL,2001,162,83,79,FALSE,,,798,795,0.268,0.334,0.451,0.785,0.334,0.427
CIN,NL,2001,162,66,96,FALSE,,,735,850,0.262,0.324,0.419,0.743,0.341,0.455
CLE,AL,2001,162,91,71,TRUE,6,4,897,821,0.278,0.35,0.458,0.808,0.341,0.417
COL,NL,2001,162,73,89,FALSE,,,923,906,0.292,0.354,0.483,0.837,0.35,0.48
DET,AL,2001,162,66,96,FALSE,,,724,876,0.26,0.32,0.409,0.729,0.357,0.461
FLA,NL,2001,162,76,86,FALSE,,,742,744,0.264,0.326,0.423,0.749,0.338,0.411
HOU,NL,2001,162,93,69,TRUE,4,4,847,769,0.271,0.347,0.451,0.798,0.325,0.437
KCR,AL,2001,162,65,97,FALSE,,,729,858,0.266,0.318,0.409,0.727,0.348,0.45
LAD,NL,2001,162,86,76,FALSE,,,758,744,0.255,0.323,0.425,0.748,0.323,0.411
MIL,NL,2001,162,68,94,FALSE,,,740,806,0.251,0.319,0.426,0.745,0.35,0.44
MIN,AL,2001,162,85,77,FALSE,,,771,766,0.272,0.337,0.433,0.77,0.325,0.437
MON,NL,2001,162,68,94,FALSE,,,670,812,0.253,0.319,0.396,0.715,0.339,0.441
NYM,NL,2001,162,82,80,FALSE,,,642,713,0.249,0.323,0.387,0.71,0.314,0.419
NYY,AL,2001,161,95,66,TRUE,3,2,804,713,0.267,0.334,0.435,0.769,0.318,0.398
OAK,AL,2001,162,102,60,TRUE,2,4,884,645,0.264,0.345,0.439,0.784,0.308,0.38
PHI,NL,2001,162,86,76,FALSE,,,746,719,0.26,0.329,0.414,0.743,0.329,0.424
PIT,NL,2001,162,62,100,FALSE,,,657,858,0.247,0.313,0.393,0.706,0.344,0.433
SDP,NL,2001,162,79,83,FALSE,,,789,812,0.252,0.336,0.399,0.735,0.33,0.45
SEA,AL,2001,162,116,46,TRUE,1,3,927,627,0.288,0.36,0.445,0.805,0.301,0.378
SFG,NL,2001,162,90,72,FALSE,,,799,748,0.266,0.342,0.46,0.802,0.329,0.404
STL,NL,2001,162,93,69,TRUE,4,4,814,684,0.27,0.339,0.441,0.78,0.328,0.428
TBD,AL,2001,162,62,100,FALSE,,,672,887,0.258,0.32,0.388,0.708,0.345,0.452
TEX,AL,2001,162,73,89,FALSE,,,890,968,0.275,0.344,0.471,0.815,0.362,0.494
TOR,AL,2001,162,80,82,FALSE,,,767,753,0.263,0.325,0.43,0.755,0.339,0.435
ANA,AL,2000,162,82,80,FALSE,,,864,869,0.28,0.352,0.472,0.824,0.351,0.453
ARI,NL,2000,162,85,77,FALSE,,,792,754,0.265,0.333,0.429,0.762,0.326,0.424
ATL,NL,2000,162,95,67,TRUE,2,4,810,714,0.271,0.346,0.429,0.775,0.319,0.402
BAL,AL,2000,162,74,88,FALSE,,,794,913,0.272,0.341,0.435,0.776,0.352,0.449
BOS,AL,2000,162,85,77,FALSE,,,792,745,0.267,0.341,0.423,0.764,0.322,0.411
CHC,NL,2000,162,65,97,FALSE,,,764,904,0.256,0.335,0.411,0.746,0.348,0.452
CHW,AL,2000,162,95,67,TRUE,2,4,978,839,0.286,0.356,0.47,0.826,0.346,0.434
CIN,NL,2000,163,85,78,FALSE,,,825,765,0.274,0.343,0.447,0.79,0.341,0.438
CLE,AL,2000,162,90,72,FALSE,,,950,816,0.288,0.367,0.47,0.837,0.35,0.425
COL,NL,2000,162,82,80,FALSE,,,968,897,0.294,0.362,0.455,0.817,0.354,0.471
DET,AL,2000,162,79,83,FALSE,,,823,827,0.275,0.343,0.438,0.781,0.34,0.443
FLA,NL,2000,161,79,82,FALSE,,,731,797,0.262,0.331,0.409,0.74,0.348,0.429
HOU,NL,2000,162,72,90,FALSE,,,938,944,0.278,0.361,0.477,0.838,0.353,0.476
KCR,AL,2000,162,77,85,FALSE,,,879,930,0.288,0.348,0.425,0.773,0.362,0.474
LAD,NL,2000,162,86,76,FALSE,,,798,729,0.257,0.341,0.431,0.772,0.332,0.407
MIL,NL,2000,163,73,90,FALSE,,,740,826,0.246,0.325,0.403,0.728,0.357,0.42
MIN,AL,2000,162,69,93,FALSE,,,748,880,0.27,0.337,0.407,0.744,0.347,0.466
MON,NL,2000,162,67,95,FALSE,,,738,902,0.266,0.326,0.432,0.758,0.353,0.449
NYM,NL,2000,162,94,68,TRUE,3,2,807,738,0.263,0.346,0.43,0.776,0.327,0.403
NYY,AL,2000,161,87,74,TRUE,5,1,871,814,0.277,0.354,0.45,0.804,0.336,0.422
OAK,AL,2000,161,91,70,TRUE,4,4,947,813,0.27,0.36,0.458,0.818,0.348,0.423
PHI,NL,2000,162,65,97,FALSE,,,708,830,0.251,0.329,0.4,0.729,0.343,0.448
PIT,NL,2000,162,69,93,FALSE,,,793,888,0.267,0.339,0.424,0.763,0.361,0.432
SDP,NL,2000,162,76,86,FALSE,,,752,815,0.254,0.33,0.402,0.732,0.34,0.416
SEA,AL,2000,162,91,71,TRUE,4,3,907,780,0.269,0.361,0.442,0.803,0.339,0.416
SFG,NL,2000,162,97,65,TRUE,1,4,925,747,0.278,0.362,0.472,0.834,0.342,0.412
STL,NL,2000,162,95,67,TRUE,2,3,887,771,0.27,0.356,0.455,0.811,0.338,0.434
TBD,AL,2000,161,69,92,FALSE,,,733,842,0.257,0.329,0.399,0.728,0.345,0.451
TEX,AL,2000,162,71,91,FALSE,,,848,974,0.283,0.352,0.446,0.798,0.369,0.475
TOR,AL,2000,162,83,79,FALSE,,,861,908,0.275,0.341,0.469,0.81,0.354,0.456
ANA,AL,1999,162,70,92,FALSE,,,711,826,0.256,0.322,0.395,0.717,0.346,0.427
ARI,NL,1999,162,100,62,TRUE,2,4,908,676,0.277,0.347,0.459,0.806,0.32,0.402
ATL,NL,1999,162,103,59,TRUE,1,2,840,661,0.266,0.341,0.436,0.777,0.314,0.377
BAL,AL,1999,162,78,84,FALSE,,,851,815,0.279,0.353,0.447,0.8,0.35,0.441
BOS,AL,1999,162,94,68,TRUE,6,3,836,718,0.278,0.35,0.448,0.798,0.315,0.398
CHC,NL,1999,162,67,95,FALSE,,,747,920,0.257,0.329,0.42,0.749,0.346,0.467
CHW,AL,1999,162,75,87,FALSE,,,777,870,0.277,0.337,0.429,0.766,0.353,0.447
CIN,NL,1999,163,96,67,FALSE,,,865,711,0.272,0.341,0.451,0.792,0.324,0.411
CLE,AL,1999,162,97,65,TRUE,4,4,1009,860,0.289,0.373,0.467,0.84,0.347,0.439
COL,NL,1999,162,72,90,FALSE,,,906,1028,0.288,0.348,0.472,0.82,0.384,0.499
DET,AL,1999,161,69,92,FALSE,,,747,882,0.261,0.326,0.443,0.769,0.349,0.451
FLA,NL,1999,162,64,98,FALSE,,,691,852,0.263,0.325,0.395,0.72,0.359,0.44
HOU,NL,1999,162,97,65,TRUE,4,4,823,675,0.267,0.355,0.42,0.775,0.326,0.397
KCR,AL,1999,161,64,97,FALSE,,,856,921,0.282,0.348,0.433,0.781,0.365,0.454
LAD,NL,1999,162,77,85,FALSE,,,793,787,0.266,0.339,0.42,0.759,0.336,0.422
MIL,NL,1999,161,74,87,FALSE,,,815,886,0.273,0.353,0.426,0.779,0.356,0.457
MIN,AL,1999,161,63,98,FALSE,,,686,845,0.264,0.328,0.384,0.712,0.342,0.465
MON,NL,1999,162,68,94,FALSE,,,718,853,0.265,0.323,0.427,0.75,0.342,0.418
NYM,NL,1999,163,97,66,TRUE,4,3,853,711,0.279,0.363,0.434,0.797,0.331,0.418
NYY,AL,1999,162,98,64,TRUE,3,1,900,731,0.282,0.366,0.453,0.819,0.329,0.4
OAK,AL,1999,162,87,75,FALSE,,,893,846,0.259,0.355,0.446,0.801,0.344,0.428
PHI,NL,1999,162,77,85,FALSE,,,841,846,0.275,0.351,0.431,0.782,0.347,0.447
PIT,NL,1999,161,78,83,FALSE,,,775,782,0.259,0.334,0.419,0.753,0.343,0.42
SDP,NL,1999,162,74,88,FALSE,,,710,781,0.252,0.332,0.393,0.725,0.333,0.43
SEA,AL,1999,162,79,83,FALSE,,,859,905,0.269,0.343,0.455,0.798,0.368,0.454
SFG,NL,1999,162,86,76,FALSE,,,872,831,0.271,0.356,0.434,0.79,0.345,0.423
STL,NL,1999,161,75,86,FALSE,,,809,838,0.262,0.338,0.426,0.764,0.355,0.427
TBD,AL,1999,162,69,93,FALSE,,,772,913,0.274,0.343,0.411,0.754,0.371,0.448
TEX,AL,1999,162,95,67,TRUE,5,4,945,859,0.293,0.361,0.479,0.84,0.346,0.459
TOR,AL,1999,162,84,78,FALSE,,,883,862,0.28,0.352,0.457,0.809,0.353,0.456
ANA,AL,1998,162,85,77,FALSE,,,787,783,0.272,0.335,0.415,0.75,,
ARI,NL,1998,162,65,97,FALSE,,,665,812,0.246,0.314,0.393,0.707,,
ATL,NL,1998,162,106,56,TRUE,2,3,826,581,0.272,0.342,0.453,0.795,,
BAL,AL,1998,162,79,83,FALSE,,,817,785,0.273,0.347,0.447,0.794,,
BOS,AL,1998,162,92,70,TRUE,5,4,876,729,0.28,0.348,0.463,0.811,,
CHC,NL,1998,163,90,73,TRUE,6,4,831,792,0.264,0.337,0.433,0.77,,
CHW,AL,1998,163,80,83,FALSE,,,861,931,0.271,0.339,0.444,0.783,,
CIN,NL,1998,162,77,85,FALSE,,,750,760,0.262,0.337,0.402,0.739,,
CLE,AL,1998,162,89,73,TRUE,7,3,850,779,0.272,0.347,0.448,0.795,,
COL,NL,1998,162,77,85,FALSE,,,826,855,0.291,0.347,0.461,0.808,,
DET,AL,1998,162,65,97,FALSE,,,722,863,0.264,0.323,0.415,0.738,,
FLA,NL,1998,162,54,108,FALSE,,,667,923,0.248,0.317,0.373,0.69,,
HOU,NL,1998,162,102,60,TRUE,3,4,874,620,0.28,0.356,0.436,0.792,,
KCR,AL,1998,161,72,89,FALSE,,,714,899,0.263,0.324,0.399,0.723,,
LAD,NL,1998,162,83,79,FALSE,,,669,678,0.252,0.31,0.387,0.697,,
MIL,NL,1998,162,74,88,FALSE,,,707,812,0.26,0.33,0.396,0.726,,
MIN,AL,1998,162,70,92,FALSE,,,734,818,0.266,0.328,0.389,0.717,,
MON,NL,1998,162,65,97,FALSE,,,644,783,0.249,0.31,0.394,0.704,,
NYM,NL,1998,162,88,74,FALSE,,,706,645,0.259,0.33,0.394,0.724,,
NYY,AL,1998,162,114,48,TRUE,1,1,965,656,0.288,0.364,0.46,0.824,,
OAK,AL,1998,162,74,88,FALSE,,,804,866,0.257,0.338,0.397,0.735,,
PHI,NL,1998,162,75,87,FALSE,,,713,808,0.264,0.326,0.395,0.721,,
PIT,NL,1998,163,69,94,FALSE,,,650,718,0.254,0.311,0.374,0.685,,
SDP,NL,1998,162,98,64,TRUE,4,2,749,635,0.253,0.33,0.409,0.739,,
SEA,AL,1998,161,76,85,FALSE,,,859,855,0.276,0.345,0.468,0.813,,
SFG,NL,1998,163,89,74,FALSE,,,845,739,0.274,0.353,0.421,0.774,,
STL,NL,1998,163,83,80,FALSE,,,810,782,0.258,0.341,0.441,0.782,,
TBD,AL,1998,162,63,99,FALSE,,,620,751,0.261,0.321,0.385,0.706,,
TEX,AL,1998,162,88,74,TRUE,8,4,940,871,0.289,0.357,0.462,0.819,,
TOR,AL,1998,163,88,75,FALSE,,,816,768,0.266,0.34,0.448,0.788,,
ANA,AL,1997,162,84,78,FALSE,,,829,794,0.272,0.346,0.416,0.762,,
ATL,NL,1997,162,101,61,TRUE,1,3,791,581,0.27,0.343,0.426,0.769,,
BAL,AL,1997,162,98,64,TRUE,2,3,812,681,0.268,0.341,0.429,0.77,,
BOS,AL,1997,162,78,84,FALSE,,,851,857,0.291,0.352,0.463,0.815,,
CHC,NL,1997,162,68,94,FALSE,,,687,759,0.263,0.321,0.396,0.717,,
CHW,AL,1997,161,80,81,FALSE,,,779,833,0.273,0.341,0.417,0.758,,
CIN,NL,1997,162,76,86,FALSE,,,651,764,0.253,0.321,0.389,0.71,,
CLE,AL,1997,161,86,75,TRUE,6,2,868,815,0.286,0.358,0.467,0.825,,
COL,NL,1997,162,83,79,FALSE,,,923,908,0.288,0.357,0.478,0.835,,
DET,AL,1997,162,79,83,FALSE,,,784,790,0.258,0.332,0.415,0.747,,
FLA,NL,1997,162,92,70,TRUE,4,1,740,669,0.259,0.346,0.395,0.741,,
HOU,NL,1997,162,84,78,TRUE,7,4,777,660,0.259,0.344,0.403,0.747,,
KCR,AL,1997,161,67,94,FALSE,,,747,820,0.264,0.333,0.407,0.74,,
LAD,NL,1997,162,88,74,FALSE,,,742,645,0.268,0.33,0.418,0.748,,
MIL,AL,1997,161,78,83,FALSE,,,681,742,0.26,0.325,0.398,0.723,,
MIN,AL,1997,162,68,94,FALSE,,,772,861,0.27,0.333,0.409,0.742,,
MON,NL,1997,162,78,84,FALSE,,,691,740,0.258,0.316,0.425,0.741,,
NYM,NL,1997,162,88,74,FALSE,,,777,709,0.262,0.332,0.405,0.737,,
NYY,AL,1997,162,96,66,TRUE,3,4,891,688,0.287,0.362,0.436,0.798,,
OAK,AL,1997,162,65,97,FALSE,,,764,946,0.26,0.339,0.423,0.762,,
PHI,NL,1997,162,68,94,FALSE,,,668,840,0.255,0.322,0.385,0.707,,
PIT,NL,1997,162,79,83,FALSE,,,725,760,0.262,0.329,0.404,0.733,,
SDP,NL,1997,162,76,86,FALSE,,,795,891,0.271,0.342,0.407,0.749,,
SEA,AL,1997,162,90,72,TRUE,5,4,925,833,0.28,0.355,0.485,0.84,,
SFG,NL,1997,162,90,72,TRUE,5,4,784,793,0.258,0.337,0.414,0.751,,
STL,NL,1997,162,73,89,FALSE,,,689,708,0.255,0.324,0.396,0.72,,
TEX,AL,1997,162,77,85,FALSE,,,807,823,0.274,0.334,0.438,0.772,,
TOR,AL,1997,162,76,86,FALSE,,,654,694,0.244,0.31,0.389,0.699,,
ATL,NL,1996,162,96,66,TRUE,2,2,773,648,0.27,0.333,0.432,0.765,,
BAL,AL,1996,163,88,75,TRUE,6,3,949,903,0.274,0.35,0.472,0.822,,
BOS,AL,1996,162,85,77,FALSE,,,928,921,0.283,0.359,0.457,0.816,,
CAL,AL,1996,161,70,91,FALSE,,,762,943,0.276,0.339,0.431,0.77,,
CHC,NL,1996,162,76,86,FALSE,,,772,771,0.251,0.32,0.401,0.721,,
CHW,AL,1996,162,85,77,FALSE,,,898,794,0.281,0.36,0.447,0.807,,
CIN,NL,1996,162,81,81,FALSE,,,778,773,0.256,0.331,0.422,0.753,,
CLE,AL,1996,161,99,62,TRUE,1,4,952,769,0.293,0.369,0.475,0.844,,
COL,NL,1996,162,83,79,FALSE,,,961,964,0.287,0.355,0.472,0.827,,
DET,AL,1996,162,53,109,FALSE,,,783,1103,0.256,0.323,0.42,0.743,,
FLA,NL,1996,162,80,82,FALSE,,,688,703,0.257,0.329,0.393,0.722,,
HOU,NL,1996,162,82,80,FALSE,,,753,792,0.262,0.336,0.397,0.733,,
KCR,AL,1996,161,75,86,FALSE,,,746,786,0.267,0.332,0.398,0.73,,
LAD,NL,1996,162,90,72,TRUE,5,4,703,652,0.252,0.316,0.384,0.7,,
MIL,AL,1996,162,80,82,FALSE,,,894,899,0.279,0.353,0.441,0.794,,
MIN,AL,1996,162,78,84,FALSE,,,877,900,0.288,0.357,0.425,0.782,,
MON,NL,1996,162,88,74,FALSE,,,741,668,0.262,0.327,0.406,0.733,,
NYM,NL,1996,162,71,91,FALSE,,,746,779,0.27,0.324,0.412,0.736,,
NYY,AL,1996,162,92,70,TRUE,3,1,871,787,0.288,0.36,0.436,0.796,,
OAK,AL,1996,162,78,84,FALSE,,,861,900,0.265,0.344,0.452,0.796,,
PHI,NL,1996,162,67,95,FALSE,,,650,790,0.256,0.325,0.387,0.712,,
PIT,NL,1996,162,73,89,FALSE,,,776,833,0.266,0.329,0.407,0.736,,
SDP,NL,1996,162,91,71,TRUE,4,4,771,682,0.265,0.338,0.402,0.74,,
SEA,AL,1996,161,85,76,FALSE,,,993,895,0.287,0.366,0.484,0.85,,
SFG,NL,1996,162,68,94,FALSE,,,752,862,0.253,0.331,0.388,0.719,,
STL,NL,1996,162,88,74,TRUE,6,3,759,706,0.267,0.33,0.407,0.737,,
TEX,AL,1996,163,90,73,TRUE,5,4,928,799,0.284,0.358,0.469,0.827,,
TOR,AL,1996,162,74,88,FALSE,,,766,809,0.259,0.331,0.42,0.751,,
ATL,NL,1993,162,104,58,TRUE,1,3,767,559,0.262,0.331,0.408,0.739,,
BAL,AL,1993,162,85,77,FALSE,,,786,745,0.267,0.346,0.413,0.759,,
BOS,AL,1993,162,80,82,FALSE,,,686,698,0.264,0.33,0.395,0.725,,
CAL,AL,1993,162,71,91,FALSE,,,684,770,0.26,0.331,0.38,0.711,,
CHC,NL,1993,163,84,79,FALSE,,,738,739,0.27,0.325,0.414,0.739,,
CHW,AL,1993,162,94,68,TRUE,4,3,776,664,0.265,0.338,0.411,0.749,,
CIN,NL,1993,162,73,89,FALSE,,,722,785,0.264,0.324,0.396,0.72,,
CLE,AL,1993,162,76,86,FALSE,,,790,813,0.275,0.335,0.409,0.744,,
COL,NL,1993,162,67,95,FALSE,,,758,967,0.273,0.323,0.422,0.745,,
DET,AL,1993,162,85,77,FALSE,,,899,837,0.275,0.362,0.434,0.796,,
FLA,NL,1993,162,64,98,FALSE,,,581,724,0.248,0.314,0.346,0.66,,
HOU,NL,1993,162,85,77,FALSE,,,716,630,0.267,0.33,0.409,0.739,,
KCR,AL,1993,162,84,78,FALSE,,,675,694,0.263,0.32,0.397,0.717,,
LAD,NL,1993,162,81,81,FALSE,,,675,662,0.261,0.321,0.383,0.704,,
MIL,AL,1993,162,69,93,FALSE,,,733,792,0.258,0.328,0.378,0.706,,
MIN,AL,1993,162,71,91,FALSE,,,693,830,0.264,0.327,0.385,0.712,,
MON,NL,1993,163,94,69,FALSE,,,732,682,0.257,0.326,0.386,0.712,,
NYM,NL,1993,162,59,103,FALSE,,,672,744,0.248,0.305,0.39,0.695,,
NYY,AL,1993,162,88,74,FALSE,,,821,761,0.279,0.353,0.435,0.788,,
OAK,AL,1993,162,68,94,FALSE,,,715,846,0.254,0.33,0.394,0.724,,
PHI,NL,1993,162,97,65,TRUE,2,2,877,740,0.274,0.351,0.426,0.777,,
PIT,NL,1993,162,75,87,FALSE,,,707,806,0.267,0.335,0.393,0.728,,
SDP,NL,1993,162,61,101,FALSE,,,679,772,0.252,0.312,0.389,0.701,,
SEA,AL,1993,162,82,80,FALSE,,,734,731,0.26,0.339,0.406,0.745,,
SFG,NL,1993,162,103,59,FALSE,,,808,636,0.276,0.34,0.427,0.767,,
STL,NL,1993,162,87,75,FALSE,,,758,744,0.272,0.341,0.395,0.736,,
TEX,AL,1993,162,86,76,FALSE,,,835,751,0.267,0.329,0.431,0.76,,
TOR,AL,1993,162,95,67,TRUE,3,1,847,742,0.279,0.35,0.436,0.786,,
ATL,NL,1992,162,98,64,TRUE,1,2,682,569,0.254,0.316,0.388,0.704,,
BAL,AL,1992,162,89,73,FALSE,,,705,656,0.259,0.34,0.398,0.738,,
BOS,AL,1992,162,73,89,FALSE,,,599,669,0.246,0.321,0.347,0.668,,
CAL,AL,1992,162,72,90,FALSE,,,579,671,0.243,0.301,0.338,0.639,,
CHC,NL,1992,162,78,84,FALSE,,,593,624,0.254,0.307,0.364,0.671,,
CHW,AL,1992,162,86,76,FALSE,,,738,690,0.261,0.336,0.383,0.719,,
CIN,NL,1992,162,90,72,FALSE,,,660,609,0.26,0.328,0.382,0.71,,
CLE,AL,1992,162,76,86,FALSE,,,674,746,0.266,0.323,0.383,0.706,,
DET,AL,1992,162,75,87,FALSE,,,791,794,0.256,0.337,0.407,0.744,,
HOU,NL,1992,162,81,81,FALSE,,,608,668,0.246,0.313,0.359,0.672,,
KCR,AL,1992,162,72,90,FALSE,,,610,667,0.256,0.315,0.364,0.679,,
LAD,NL,1992,162,63,99,FALSE,,,548,636,0.248,0.313,0.339,0.652,,
MIL,AL,1992,162,92,70,FALSE,,,740,604,0.268,0.33,0.375,0.705,,
MIN,AL,1992,162,90,72,FALSE,,,747,653,0.277,0.341,0.391,0.732,,
MON,NL,1992,162,87,75,FALSE,,,648,581,0.252,0.313,0.37,0.683,,
NYM,NL,1992,162,72,90,FALSE,,,599,653,0.235,0.31,0.342,0.652,,
NYY,AL,1992,162,76,86,FALSE,,,733,746,0.261,0.328,0.406,0.734,,
OAK,AL,1992,162,96,66,TRUE,2,3,745,672,0.258,0.346,0.386,0.732,,
PHI,NL,1992,162,70,92,FALSE,,,686,717,0.253,0.32,0.377,0.697,,
PIT,NL,1992,162,96,66,TRUE,2,3,693,595,0.255,0.324,0.381,0.705,,
SDP,NL,1992,162,82,80,FALSE,,,617,636,0.255,0.313,0.386,0.699,,
SEA,AL,1992,162,64,98,FALSE,,,679,799,0.263,0.323,0.402,0.725,,
SFG,NL,1992,162,72,90,FALSE,,,574,647,0.244,0.302,0.355,0.657,,
STL,NL,1992,162,83,79,FALSE,,,631,604,0.262,0.323,0.375,0.698,,
TEX,AL,1992,162,77,85,FALSE,,,682,753,0.25,0.321,0.393,0.714,,
TOR,AL,1992,162,96,66,TRUE,2,1,780,682,0.263,0.333,0.414,0.747,,
ATL,NL,1991,162,94,68,TRUE,3,2,749,644,0.258,0.328,0.393,0.721,,
BAL,AL,1991,162,67,95,FALSE,,,686,796,0.254,0.319,0.401,0.72,,
BOS,AL,1991,162,84,78,FALSE,,,731,712,0.269,0.34,0.401,0.741,,
CAL,AL,1991,162,81,81,FALSE,,,653,649,0.255,0.314,0.374,0.688,,
CHC,NL,1991,160,77,83,FALSE,,,695,734,0.253,0.309,0.39,0.699,,
CHW,AL,1991,162,87,75,FALSE,,,758,681,0.262,0.336,0.391,0.727,,
CIN,NL,1991,162,74,88,FALSE,,,689,691,0.258,0.32,0.403,0.723,,
CLE,AL,1991,162,57,105,FALSE,,,576,759,0.254,0.313,0.35,0.663,,
DET,AL,1991,162,84,78,FALSE,,,817,794,0.247,0.333,0.416,0.749,,
HOU,NL,1991,162,65,97,FALSE,,,605,717,0.244,0.309,0.347,0.656,,
KCR,AL,1991,162,82,80,FALSE,,,727,722,0.264,0.328,0.394,0.722,,
LAD,NL,1991,162,93,69,FALSE,,,665,565,0.253,0.326,0.359,0.685,,
MIL,AL,1991,162,83,79,FALSE,,,799,744,0.271,0.336,0.396,0.732,,
MIN,AL,1991,162,95,67,TRUE,2,1,776,652,0.28,0.344,0.42,0.764,,
MON,NL,1991,161,71,90,FALSE,,,579,655,0.246,0.308,0.357,0.665,,
NYM,NL,1991,161,77,84,FALSE,,,640,646,0.244,0.317,0.365,0.682,,
NYY,AL,1991,162,71,91,FALSE,,,674,777,0.256,0.316,0.387,0.703,,
OAK,AL,1991,162,84,78,FALSE,,,760,776,0.248,0.331,0.389,0.72,,
PHI,NL,1991,162,78,84,FALSE,,,629,680,0.241,0.303,0.358,0.661,,
PIT,NL,1991,162,98,64,TRUE,1,3,768,632,0.263,0.338,0.398,0.736,,
SDP,NL,1991,162,84,78,FALSE,,,636,646,0.244,0.31,0.362,0.672,,
SEA,AL,1991,162,83,79,FALSE,,,702,674,0.255,0.328,0.383,0.711,,
SFG,NL,1991,162,75,87,FALSE,,,649,697,0.246,0.309,0.381,0.69,,
STL,NL,1991,162,84,78,FALSE,,,651,648,0.255,0.322,0.357,0.679,,
TEX,AL,1991,162,85,77,FALSE,,,829,814,0.27,0.341,0.424,0.765,,
TOR,AL,1991,162,91,71,TRUE,4,3,684,622,0.257,0.322,0.4,0.722,,
ATL,NL,1990,162,65,97,FALSE,,,682,821,0.25,0.311,0.396,0.707,,
BAL,AL,1990,161,76,85,FALSE,,,669,698,0.245,0.33,0.37,0.7,,
BOS,AL,1990,162,88,74,TRUE,4,3,699,664,0.272,0.344,0.395,0.739,,
CAL,AL,1990,162,80,82,FALSE,,,690,706,0.26,0.329,0.391,0.72,,
CHC,NL,1990,162,77,85,FALSE,,,690,774,0.263,0.314,0.392,0.706,,
CHW,AL,1990,162,94,68,FALSE,,,682,633,0.258,0.32,0.379,0.699,,
CIN,NL,1990,162,91,71,TRUE,3,1,693,597,0.265,0.325,0.399,0.724,,
CLE,AL,1990,162,77,85,FALSE,,,732,737,0.267,0.324,0.391,0.715,,
DET,AL,1990,162,79,83,FALSE,,,750,754,0.259,0.337,0.409,0.746,,
HOU,NL,1990,162,75,87,FALSE,,,573,656,0.242,0.313,0.345,0.658,,
KCR,AL,1990,161,75,86,FALSE,,,707,709,0.267,0.328,0.395,0.723,,
LAD,NL,1990,162,86,76,FALSE,,,728,685,0.262,0.328,0.382,0.71,,
MIL,AL,1990,162,74,88,FALSE,,,732,760,0.256,0.32,0.384,0.704,,
MIN,AL,1990,162,74,88,FALSE,,,666,729,0.265,0.324,0.385,0.709,,
MON,NL,1990,162,85,77,FALSE,,,662,598,0.25,0.322,0.37,0.692,,
NYM,NL,1990,162,91,71,FALSE,,,775,613,0.256,0.323,0.408,0.731,,
NYY,AL,1990,162,67,95,FALSE,,,603,749,0.241,0.3,0.366,0.666,,
OAK,AL,1990,162,103,59,TRUE,1,2,733,570,0.254,0.336,0.391,0.727,,
PHI,NL,1990,162,77,85,FALSE,,,646,729,0.255,0.327,0.363,0.69,,
PIT,NL,1990,162,95,67,TRUE,2,3,733,619,0.259,0.33,0.405,0.735,,
SDP,NL,1990,162,75,87,FALSE,,,673,673,0.257,0.32,0.38,0.7,,
SEA,AL,1990,162,77,85,FALSE,,,640,680,0.259,0.333,0.373,0.706,,
SFG,NL,1990,162,85,77,FALSE,,,719,710,0.262,0.323,0.396,0.719,,
STL,NL,1990,162,70,92,FALSE,,,599,698,0.256,0.32,0.358,0.678,,
TEX,AL,1990,162,83,79,FALSE,,,676,696,0.259,0.331,0.376,0.707,,
TOR,AL,1990,162,86,76,FALSE,,,767,661,0.265,0.328,0.419,0.747,,
ATL,NL,1989,161,63,98,FALSE,,,584,680,0.234,0.298,0.35,0.648,,
BAL,AL,1989,162,87,75,FALSE,,,708,686,0.252,0.326,0.379,0.705,,
BOS,AL,1989,162,83,79,FALSE,,,774,735,0.277,0.351,0.403,0.754,,
CAL,AL,1989,162,91,71,FALSE,,,669,578,0.256,0.311,0.386,0.697,,
CHC,NL,1989,162,93,69,TRUE,2,3,702,623,0.261,0.319,0.387,0.706,,
CHW,AL,1989,161,69,92,FALSE,,,693,750,0.271,0.328,0.383,0.711,,
CIN,NL,1989,162,75,87,FALSE,,,632,691,0.247,0.309,0.37,0.679,,
CLE,AL,1989,162,73,89,FALSE,,,604,654,0.245,0.31,0.365,0.675,,
DET,AL,1989,162,59,103,FALSE,,,617,816,0.242,0.318,0.351,0.669,,
HOU,NL,1989,162,86,76,FALSE,,,647,669,0.239,0.306,0.345,0.651,,
KCR,AL,1989,162,92,70,FALSE,,,690,635,0.261,0.329,0.373,0.702,,
LAD,NL,1989,160,77,83,FALSE,,,554,536,0.24,0.306,0.339,0.645,,
MIL,AL,1989,162,81,81,FALSE,,,707,679,0.259,0.318,0.382,0.7,,
MIN,AL,1989,162,80,82,FALSE,,,740,738,0.276,0.334,0.402,0.736,,
MON,NL,1989,162,81,81,FALSE,,,632,630,0.247,0.319,0.361,0.68,,
NYM,NL,1989,162,87,75,FALSE,,,683,595,0.246,0.311,0.385,0.696,,
NYY,AL,1989,161,74,87,FALSE,,,698,792,0.269,0.331,0.391,0.722,,
OAK,AL,1989,162,99,63,TRUE,1,1,712,576,0.261,0.331,0.381,0.712,,
PHI,NL,1989,163,67,96,FALSE,,,629,735,0.243,0.314,0.364,0.678,,
PIT,NL,1989,164,74,90,FALSE,,,637,680,0.241,0.311,0.359,0.67,,
SDP,NL,1989,162,89,73,FALSE,,,642,626,0.251,0.319,0.369,0.688,,
SEA,AL,1989,162,73,89,FALSE,,,694,728,0.257,0.32,0.384,0.704,,
SFG,NL,1989,162,92,70,TRUE,3,2,699,600,0.25,0.316,0.39,0.706,,
STL,NL,1989,164,86,78,FALSE,,,632,608,0.258,0.321,0.363,0.684,,
TEX,AL,1989,162,83,79,FALSE,,,695,714,0.263,0.326,0.394,0.72,,
TOR,AL,1989,162,89,73,TRUE,4,3,731,651,0.26,0.323,0.398,0.721,,
ATL,NL,1988,160,54,106,FALSE,,,555,741,0.242,0.298,0.348,0.646,,
BAL,AL,1988,161,54,107,FALSE,,,550,789,0.238,0.305,0.359,0.664,,
BOS,AL,1988,162,89,73,TRUE,4,3,813,689,0.283,0.357,0.42,0.777,,
CAL,AL,1988,162,75,87,FALSE,,,714,771,0.261,0.321,0.385,0.706,,
CHC,NL,1988,163,77,86,FALSE,,,660,694,0.261,0.31,0.383,0.693,,
CHW,AL,1988,161,71,90,FALSE,,,631,757,0.244,0.303,0.37,0.673,,
CIN,NL,1988,161,87,74,FALSE,,,641,596,0.246,0.309,0.368,0.677,,
CLE,AL,1988,162,78,84,FALSE,,,666,731,0.261,0.314,0.387,0.701,,
DET,AL,1988,162,88,74,FALSE,,,703,658,0.25,0.324,0.378,0.702,,
HOU,NL,1988,162,82,80,FALSE,,,617,631,0.244,0.306,0.351,0.657,,
KCR,AL,1988,161,84,77,FALSE,,,704,648,0.259,0.321,0.391,0.712,,
LAD,NL,1988,162,94,68,TRUE,3,1,628,544,0.248,0.305,0.352,0.657,,
MIL,AL,1988,162,87,75,FALSE,,,682,616,0.257,0.314,0.375,0.689,,
MIN,AL,1988,162,91,71,FALSE,,,759,672,0.274,0.34,0.421,0.761,,
MON,NL,1988,163,81,82,FALSE,,,628,592,0.251,0.309,0.373,0.682,,
NYM,NL,1988,160,100,60,TRUE,2,3,703,532,0.256,0.325,0.396,0.721,,
NYY,AL,1988,161,85,76,FALSE,,,772,748,0.263,0.333,0.395,0.728,,
OAK,AL,1988,162,104,58,TRUE,1,2,800,620,0.263,0.336,0.399,0.735,,
PHI,NL,1988,162,65,97,FALSE,,,597,734,0.239,0.306,0.355,0.661,,
PIT,NL,1988,160,85,75,FALSE,,,651,616,0.247,0.317,0.369,0.686,,
SDP,NL,1988,161,83,78,FALSE,,,594,583,0.247,0.31,0.351,0.661,,
SEA,AL,1988,161,68,93,FALSE,,,664,744,0.257,0.317,0.398,0.715,,
SFG,NL,1988,162,83,79,FALSE,,,670,626,0.248,0.318,0.368,0.686,,
STL,NL,1988,162,76,86,FALSE,,,578,633,0.249,0.309,0.337,0.646,,
TEX,AL,1988,161,70,91,FALSE,,,637,735,0.252,0.32,0.368,0.688,,
TOR,AL,1988,162,87,75,FALSE,,,763,680,0.268,0.332,0.419,0.751,,
ATL,NL,1987,161,69,92,FALSE,,,747,829,0.258,0.339,0.403,0.742,,
BAL,AL,1987,162,67,95,FALSE,,,729,880,0.258,0.322,0.418,0.74,,
BOS,AL,1987,162,78,84,FALSE,,,842,825,0.278,0.352,0.43,0.782,,
CAL,AL,1987,162,75,87,FALSE,,,770,803,0.252,0.326,0.401,0.727,,
CHC,NL,1987,161,76,85,FALSE,,,720,801,0.264,0.326,0.432,0.758,,
CHW,AL,1987,162,77,85,FALSE,,,748,746,0.258,0.319,0.415,0.734,,
CIN,NL,1987,162,84,78,FALSE,,,783,752,0.266,0.33,0.427,0.757,,
CLE,AL,1987,162,61,101,FALSE,,,742,957,0.263,0.324,0.422,0.746,,
DET,AL,1987,162,98,64,TRUE,1,3,896,735,0.272,0.349,0.451,0.8,,
HOU,NL,1987,162,76,86,FALSE,,,648,678,0.253,0.318,0.373,0.691,,
KCR,AL,1987,162,83,79,FALSE,,,715,691,0.262,0.328,0.412,0.74,,
LAD,NL,1987,162,73,89,FALSE,,,635,675,0.252,0.309,0.371,0.68,,
MIL,AL,1987,162,91,71,FALSE,,,862,817,0.276,0.346,0.428,0.774,,
MIN,AL,1987,162,85,77,TRUE,4,1,786,806,0.261,0.328,0.43,0.758,,
MON,NL,1987,162,91,71,FALSE,,,741,720,0.265,0.328,0.401,0.729,,
NYM,NL,1987,162,92,70,FALSE,,,823,698,0.268,0.339,0.434,0.773,,
NYY,AL,1987,162,89,73,FALSE,,,788,758,0.262,0.336,0.418,0.754,,
OAK,AL,1987,162,81,81,FALSE,,,806,789,0.26,0.333,0.428,0.761,,
PHI,NL,1987,162,80,82,FALSE,,,702,749,0.254,0.327,0.41,0.737,,
PIT,NL,1987,162,80,82,FALSE,,,723,744,0.264,0.33,0.403,0.733,,
SDP,NL,1987,162,65,97,FALSE,,,668,763,0.26,0.332,0.378,0.71,,
SEA,AL,1987,162,78,84,FALSE,,,760,801,0.272,0.335,0.428,0.763,,
SFG,NL,1987,162,90,72,TRUE,3,3,783,669,0.26,0.324,0.43,0.754,,
STL,NL,1987,162,95,67,TRUE,2,2,798,693,0.263,0.34,0.378,0.718,,
TEX,AL,1987,162,75,87,FALSE,,,823,849,0.266,0.333,0.43,0.763,,
TOR,AL,1987,162,96,66,FALSE,,,845,655,0.269,0.336,0.446,0.782,,
ATL,NL,1986,161,72,89,FALSE,,,615,719,0.25,0.319,0.381,0.7,,
BAL,AL,1986,162,73,89,FALSE,,,708,760,0.258,0.327,0.395,0.722,,
BOS,AL,1986,161,95,66,TRUE,3,2,794,696,0.271,0.346,0.415,0.761,,
CAL,AL,1986,162,92,70,TRUE,4,3,786,684,0.255,0.338,0.404,0.742,,
CHC,NL,1986,160,70,90,FALSE,,,680,781,0.256,0.318,0.398,0.716,,
CHW,AL,1986,162,72,90,FALSE,,,644,699,0.247,0.31,0.363,0.673,,
CIN,NL,1986,162,86,76,FALSE,,,732,717,0.254,0.325,0.387,0.712,,
CLE,AL,1986,163,84,79,FALSE,,,831,841,0.284,0.337,0.43,0.767,,
DET,AL,1986,162,87,75,FALSE,,,798,714,0.263,0.338,0.424,0.762,,
HOU,NL,1986,162,96,66,TRUE,2,3,654,569,0.255,0.322,0.381,0.703,,
KCR,AL,1986,162,76,86,FALSE,,,654,673,0.252,0.313,0.39,0.703,,
LAD,NL,1986,162,73,89,FALSE,,,638,679,0.251,0.313,0.37,0.683,,
MIL,AL,1986,161,77,84,FALSE,,,667,734,0.255,0.321,0.385,0.706,,
MIN,AL,1986,162,71,91,FALSE,,,741,839,0.261,0.325,0.428,0.753,,
MON,NL,1986,161,78,83,FALSE,,,637,688,0.254,0.322,0.379,0.701,,
NYM,NL,1986,162,108,54,TRUE,1,1,783,578,0.263,0.339,0.401,0.74,,
NYY,AL,1986,162,90,72,FALSE,,,797,738,0.271,0.347,0.43,0.777,,
OAK,AL,1986,162,76,86,FALSE,,,731,760,0.252,0.322,0.39,0.712,,
PHI,NL,1986,161,86,75,FALSE,,,739,713,0.253,0.327,0.4,0.727,,
PIT,NL,1986,162,64,98,FALSE,,,663,700,0.25,0.321,0.374,0.695,,
SDP,NL,1986,162,74,88,FALSE,,,656,723,0.261,0.321,0.388,0.709,,
SEA,AL,1986,162,67,95,FALSE,,,718,835,0.253,0.326,0.399,0.725,,
SFG,NL,1986,162,83,79,FALSE,,,698,618,0.253,0.322,0.375,0.697,,
STL,NL,1986,161,79,82,FALSE,,,601,611,0.236,0.309,0.327,0.636,,
TEX,AL,1986,162,87,75,FALSE,,,771,743,0.267,0.331,0.428,0.759,,
TOR,AL,1986,163,86,77,FALSE,,,809,733,0.269,0.329,0.427,0.756,,
ATL,NL,1985,162,66,96,FALSE,,,632,781,0.246,0.315,0.363,0.678,,
BAL,AL,1985,161,83,78,FALSE,,,818,764,0.263,0.336,0.43,0.766,,
BOS,AL,1985,163,81,82,FALSE,,,800,720,0.282,0.347,0.429,0.776,,
CAL,AL,1985,162,90,72,FALSE,,,732,703,0.251,0.333,0.386,0.719,,
CHC,NL,1985,162,77,85,FALSE,,,686,729,0.254,0.324,0.39,0.714,,
CHW,AL,1985,163,85,78,FALSE,,,736,720,0.253,0.315,0.392,0.707,,
CIN,NL,1985,162,89,73,FALSE,,,677,666,0.255,0.327,0.376,0.703,,
CLE,AL,1985,162,60,102,FALSE,,,729,861,0.265,0.324,0.385,0.709,,
DET,AL,1985,161,84,77,FALSE,,,729,688,0.253,0.318,0.424,0.742,,
HOU,NL,1985,162,83,79,FALSE,,,706,691,0.261,0.319,0.388,0.707,,
KCR,AL,1985,162,91,71,TRUE,4,1,687,639,0.252,0.313,0.401,0.714,,
LAD,NL,1985,162,95,67,TRUE,3,3,682,579,0.261,0.328,0.382,0.71,,
MIL,AL,1985,161,71,90,FALSE,,,690,802,0.263,0.319,0.379,0.698,,
MIN,AL,1985,162,77,85,FALSE,,,705,782,0.264,0.326,0.407,0.733,,
MON,NL,1985,161,84,77,FALSE,,,633,636,0.247,0.31,0.375,0.685,,
NYM,NL,1985,162,98,64,FALSE,,,695,568,0.257,0.323,0.385,0.708,,
NYY,AL,1985,161,97,64,FALSE,,,839,660,0.267,0.344,0.425,0.769,,
OAK,AL,1985,162,77,85,FALSE,,,757,787,0.264,0.325,0.401,0.726,,
PHI,NL,1985,162,75,87,FALSE,,,667,673,0.245,0.312,0.383,0.695,,
PIT,NL,1985,161,57,104,FALSE,,,568,708,0.247,0.311,0.347,0.658,,
SDP,NL,1985,162,83,79,FALSE,,,650,622,0.255,0.32,0.368,0.688,,
SEA,AL,1985,162,74,88,FALSE,,,719,818,0.255,0.326,0.412,0.738,,
SFG,NL,1985,162,62,100,FALSE,,,556,674,0.233,0.299,0.348,0.647,,
STL,NL,1985,162,101,61,TRUE,1,2,747,572,0.264,0.335,0.379,0.714,,
TEX,AL,1985,161,62,99,FALSE,,,617,785,0.253,0.322,0.381,0.703,,
TOR,AL,1985,161,99,62,TRUE,2,3,759,588,0.269,0.331,0.425,0.756,,
ATL,NL,1984,162,80,82,FALSE,,,632,655,0.247,0.317,0.361,0.678,,
BAL,AL,1984,162,85,77,FALSE,,,681,667,0.252,0.328,0.391,0.719,,
BOS,AL,1984,162,86,76,FALSE,,,810,764,0.283,0.341,0.441,0.782,,
CAL,AL,1984,162,81,81,FALSE,,,696,697,0.249,0.319,0.381,0.7,,
CHC,NL,1984,161,96,65,TRUE,2,3,762,658,0.26,0.331,0.397,0.728,,
CHW,AL,1984,162,74,88,FALSE,,,679,736,0.247,0.314,0.395,0.709,,
CIN,NL,1984,162,70,92,FALSE,,,627,747,0.244,0.313,0.356,0.669,,
CLE,AL,1984,163,75,88,FALSE,,,761,766,0.265,0.335,0.384,0.719,,
DET,AL,1984,162,104,58,TRUE,1,1,829,643,0.271,0.342,0.432,0.774,,
HOU,NL,1984,162,80,82,FALSE,,,693,630,0.264,0.323,0.371,0.694,,
KCR,AL,1984,162,84,78,TRUE,4,3,673,686,0.268,0.317,0.399,0.716,,
LAD,NL,1984,162,79,83,FALSE,,,580,600,0.244,0.306,0.348,0.654,,
MIL,AL,1984,161,67,94,FALSE,,,641,734,0.262,0.317,0.37,0.687,,
MIN,AL,1984,162,81,81,FALSE,,,673,675,0.265,0.318,0.385,0.703,,
MON,NL,1984,161,78,83,FALSE,,,593,585,0.251,0.312,0.362,0.674,,
NYM,NL,1984,162,90,72,FALSE,,,652,676,0.257,0.32,0.369,0.689,,
NYY,AL,1984,162,87,75,FALSE,,,758,679,0.276,0.339,0.404,0.743,,
OAK,AL,1984,162,77,85,FALSE,,,738,796,0.259,0.327,0.404,0.731,,
PHI,NL,1984,162,81,81,FALSE,,,720,690,0.266,0.333,0.407,0.74,,
PIT,NL,1984,162,75,87,FALSE,,,615,567,0.255,0.31,0.363,0.673,,
SDP,NL,1984,162,92,70,TRUE,3,2,686,634,0.259,0.317,0.371,0.688,,
SEA,AL,1984,162,74,88,FALSE,,,682,774,0.258,0.324,0.384,0.708,,
SFG,NL,1984,162,66,96,FALSE,,,682,807,0.265,0.328,0.375,0.703,,
STL,NL,1984,162,84,78,FALSE,,,652,645,0.252,0.317,0.351,0.668,,
TEX,AL,1984,161,69,92,FALSE,,,656,714,0.261,0.313,0.377,0.69,,
TOR,AL,1984,163,89,74,FALSE,,,750,696,0.273,0.331,0.421,0.752,,
ATL,NL,1983,162,88,74,FALSE,,,746,640,0.272,0.341,0.4,0.741,,
BAL,AL,1983,162,98,64,TRUE,2,1,799,652,0.269,0.34,0.421,0.761,,
BOS,AL,1983,162,78,84,FALSE,,,724,775,0.27,0.335,0.409,0.744,,
CAL,AL,1983,162,70,92,FALSE,,,722,779,0.26,0.322,0.393,0.715,,
CHC,NL,1983,162,71,91,FALSE,,,701,719,0.261,0.319,0.401,0.72,,
CHW,AL,1983,162,99,63,TRUE,1,3,800,650,0.262,0.329,0.413,0.742,,
CIN,NL,1983,162,74,88,FALSE,,,623,710,0.239,0.314,0.356,0.67,,
CLE,AL,1983,162,70,92,FALSE,,,704,785,0.265,0.338,0.369,0.707,,
DET,AL,1983,162,92,70,FALSE,,,789,679,0.274,0.335,0.427,0.762,,
HOU,NL,1983,162,85,77,FALSE,,,643,646,0.257,0.32,0.375,0.695,,
KCR,AL,1983,163,79,84,FALSE,,,696,767,0.271,0.32,0.397,0.717,,
LAD,NL,1983,163,91,72,TRUE,3,3,654,609,0.25,0.318,0.379,0.697,,
MIL,AL,1983,162,87,75,FALSE,,,764,708,0.277,0.333,0.418,0.751,,
MIN,AL,1983,162,70,92,FALSE,,,709,822,0.261,0.319,0.401,0.72,,
MON,NL,1983,163,82,81,FALSE,,,677,646,0.264,0.326,0.386,0.712,,
NYM,NL,1983,162,68,94,FALSE,,,575,680,0.241,0.3,0.344,0.644,,
NYY,AL,1983,162,91,71,FALSE,,,770,703,0.273,0.337,0.416,0.753,,
OAK,AL,1983,162,74,88,FALSE,,,708,782,0.262,0.326,0.381,0.707,,
PHI,NL,1983,163,90,73,TRUE,4,2,696,635,0.249,0.329,0.373,0.702,,
PIT,NL,1983,162,84,78,FALSE,,,659,648,0.264,0.325,0.383,0.708,,
SDP,NL,1983,163,81,82,FALSE,,,653,653,0.25,0.311,0.351,0.662,,
SEA,AL,1983,162,60,102,FALSE,,,558,740,0.24,0.301,0.36,0.661,,
SFG,NL,1983,162,79,83,FALSE,,,687,697,0.247,0.325,0.375,0.7,,
STL,NL,1983,162,79,83,FALSE,,,679,710,0.27,0.335,0.384,0.719,,
TEX,AL,1983,163,77,86,FALSE,,,639,609,0.255,0.31,0.366,0.676,,
TOR,AL,1983,162,89,73,FALSE,,,795,726,0.277,0.338,0.436,0.774,,
ATL,NL,1982,162,89,73,TRUE,4,3,739,702,0.256,0.325,0.383,0.708,,
BAL,AL,1982,163,94,69,FALSE,,,774,687,0.266,0.341,0.419,0.76,,
BOS,AL,1982,162,89,73,FALSE,,,753,713,0.274,0.34,0.407,0.747,,
CAL,AL,1982,162,93,69,TRUE,2,3,814,670,0.274,0.347,0.433,0.78,,
CHC,NL,1982,162,73,89,FALSE,,,676,709,0.26,0.317,0.375,0.692,,
CHW,AL,1982,162,87,75,FALSE,,,786,710,0.273,0.337,0.413,0.75,,
CIN,NL,1982,162,61,101,FALSE,,,545,661,0.251,0.31,0.35,0.66,,
CLE,AL,1982,162,78,84,FALSE,,,683,748,0.262,0.341,0.373,0.714,,
DET,AL,1982,162,83,79,FALSE,,,729,685,0.266,0.324,0.418,0.742,,
HOU,NL,1982,162,77,85,FALSE,,,569,620,0.247,0.302,0.349,0.651,,
KCR,AL,1982,162,90,72,FALSE,,,784,717,0.285,0.337,0.428,0.765,,
LAD,NL,1982,162,88,74,FALSE,,,691,612,0.264,0.327,0.388,0.715,,
MIL,AL,1982,163,95,68,TRUE,1,2,891,717,0.279,0.335,0.455,0.79,,
MIN,AL,1982,162,60,102,FALSE,,,657,819,0.257,0.316,0.396,0.712,,
MON,NL,1982,162,86,76,FALSE,,,697,616,0.262,0.325,0.396,0.721,,
NYM,NL,1982,162,65,97,FALSE,,,609,723,0.247,0.305,0.35,0.655,,
NYY,AL,1982,162,79,83,FALSE,,,709,716,0.256,0.328,0.398,0.726,,
OAK,AL,1982,162,68,94,FALSE,,,691,819,0.236,0.309,0.367,0.676,,
PHI,NL,1982,162,89,73,FALSE,,,664,654,0.26,0.323,0.376,0.699,,
PIT,NL,1982,162,84,78,FALSE,,,724,696,0.273,0.327,0.408,0.735,,
SDP,NL,1982,162,81,81,FALSE,,,675,658,0.257,0.311,0.359,0.67,,
SEA,AL,1982,162,76,86,FALSE,,,651,712,0.254,0.311,0.381,0.692,,
SFG,NL,1982,162,87,75,FALSE,,,673,687,0.253,0.327,0.376,0.703,,
STL,NL,1982,162,92,70,TRUE,3,1,685,609,0.264,0.334,0.364,0.698,,
TEX,AL,1982,162,64,98,FALSE,,,590,749,0.249,0.308,0.359,0.667,,
TOR,AL,1982,162,78,84,FALSE,,,651,701,0.262,0.314,0.383,0.697,,
ATL,NL,1980,161,81,80,FALSE,,,630,660,0.25,0.307,0.38,0.687,,
BAL,AL,1980,162,100,62,FALSE,,,805,640,0.273,0.342,0.413,0.755,,
BOS,AL,1980,160,83,77,FALSE,,,757,767,0.283,0.34,0.436,0.776,,
CAL,AL,1980,160,65,95,FALSE,,,698,797,0.265,0.332,0.378,0.71,,
CHC,NL,1980,162,64,98,FALSE,,,614,728,0.251,0.309,0.365,0.674,,
CHW,AL,1980,162,70,92,FALSE,,,587,722,0.259,0.311,0.37,0.681,,
CIN,NL,1980,163,89,74,FALSE,,,707,670,0.262,0.327,0.386,0.713,,
CLE,AL,1980,160,79,81,FALSE,,,738,807,0.277,0.35,0.381,0.731,,
DET,AL,1980,163,84,79,FALSE,,,830,757,0.273,0.348,0.409,0.757,,
HOU,NL,1980,163,93,70,TRUE,3,3,637,589,0.261,0.326,0.367,0.693,,
KCR,AL,1980,162,97,65,TRUE,2,2,809,694,0.286,0.345,0.413,0.758,,
LAD,NL,1980,163,92,71,FALSE,,,663,591,0.263,0.323,0.388,0.711,,
MIL,AL,1980,162,86,76,FALSE,,,811,682,0.275,0.329,0.448,0.777,,
MIN,AL,1980,161,77,84,FALSE,,,670,724,0.265,0.319,0.381,0.7,,
MON,NL,1980,162,90,72,FALSE,,,694,629,0.257,0.324,0.388,0.712,,
NYM,NL,1980,162,67,95,FALSE,,,611,702,0.257,0.319,0.345,0.664,,
NYY,AL,1980,162,103,59,TRUE,1,3,820,662,0.267,0.343,0.425,0.768,,
OAK,AL,1980,162,83,79,FALSE,,,686,642,0.259,0.322,0.385,0.707,,
PHI,NL,1980,162,91,71,TRUE,4,1,728,639,0.27,0.327,0.4,0.727,,
PIT,NL,1980,162,83,79,FALSE,,,666,646,0.266,0.322,0.388,0.71,,
SDP,NL,1980,163,73,90,FALSE,,,591,654,0.255,0.324,0.342,0.666,,
SEA,AL,1980,163,59,104,FALSE,,,610,793,0.248,0.308,0.356,0.664,,
SFG,NL,1980,161,75,86,FALSE,,,573,634,0.244,0.308,0.342,0.65,,
STL,NL,1980,162,74,88,FALSE,,,738,710,0.275,0.328,0.4,0.728,,
TEX,AL,1980,163,76,87,FALSE,,,756,752,0.284,0.339,0.405,0.744,,
TOR,AL,1980,162,67,95,FALSE,,,624,762,0.251,0.309,0.383,0.692,,
ATL,NL,1979,160,66,94,FALSE,,,669,763,0.256,0.318,0.377,0.695,,
BAL,AL,1979,159,102,57,TRUE,1,2,757,582,0.261,0.336,0.419,0.755,,
BOS,AL,1979,160,91,69,FALSE,,,841,711,0.283,0.344,0.456,0.8,,
CAL,AL,1979,162,88,74,TRUE,4,3,866,768,0.282,0.351,0.429,0.78,,
CHC,NL,1979,162,80,82,FALSE,,,706,707,0.269,0.329,0.403,0.732,,
CHW,AL,1979,160,73,87,FALSE,,,730,748,0.275,0.333,0.41,0.743,,
CIN,NL,1979,161,90,71,TRUE,3,3,731,644,0.264,0.338,0.396,0.734,,
CLE,AL,1979,161,81,80,FALSE,,,760,805,0.258,0.34,0.384,0.724,,
DET,AL,1979,161,84,77,FALSE,,,770,738,0.269,0.339,0.415,0.754,,
HOU,NL,1979,162,89,73,FALSE,,,583,582,0.256,0.315,0.344,0.659,,
KCR,AL,1979,162,85,77,FALSE,,,851,816,0.282,0.343,0.422,0.765,,
LAD,NL,1979,162,79,83,FALSE,,,739,717,0.263,0.331,0.412,0.743,,
MIL,AL,1979,161,95,66,FALSE,,,807,722,0.28,0.345,0.448,0.793,,
MIN,AL,1979,162,82,80,FALSE,,,764,725,0.278,0.341,0.402,0.743,,
MON,NL,1979,160,95,65,FALSE,,,701,581,0.264,0.319,0.408,0.727,,
NYM,NL,1979,163,63,100,FALSE,,,593,706,0.25,0.313,0.35,0.663,,
NYY,AL,1979,160,89,71,FALSE,,,734,672,0.266,0.328,0.406,0.734,,
OAK,AL,1979,162,54,108,FALSE,,,573,860,0.239,0.302,0.346,0.648,,
PHI,NL,1979,163,84,79,FALSE,,,683,718,0.266,0.34,0.396,0.736,,
PIT,NL,1979,163,98,65,TRUE,2,1,775,643,0.272,0.33,0.416,0.746,,
SDP,NL,1979,161,68,93,FALSE,,,603,681,0.242,0.311,0.348,0.659,,
SEA,AL,1979,162,67,95,FALSE,,,711,820,0.269,0.331,0.404,0.735,,
SFG,NL,1979,162,71,91,FALSE,,,672,751,0.246,0.319,0.365,0.684,,
STL,NL,1979,163,86,77,FALSE,,,731,693,0.278,0.331,0.401,0.732,,
TEX,AL,1979,162,83,79,FALSE,,,750,698,0.278,0.334,0.409,0.743,,
TOR,AL,1979,162,53,109,FALSE,,,613,862,0.251,0.311,0.363,0.674,,
ATL,NL,1978,162,69,93,FALSE,,,600,750,0.244,0.315,0.363,0.678,,
BAL,AL,1978,161,90,71,FALSE,,,659,633,0.258,0.326,0.396,0.722,,
BOS,AL,1978,163,99,64,FALSE,,,796,657,0.267,0.336,0.424,0.76,,
CAL,AL,1978,162,87,75,FALSE,,,691,666,0.259,0.33,0.37,0.7,,
CHC,NL,1978,162,79,83,FALSE,,,664,724,0.264,0.331,0.361,0.692,,
CHW,AL,1978,161,71,90,FALSE,,,634,731,0.264,0.317,0.379,0.696,,
CIN,NL,1978,161,92,69,FALSE,,,710,688,0.256,0.334,0.393,0.727,,
CLE,AL,1978,159,69,90,FALSE,,,639,694,0.261,0.323,0.379,0.702,,
DET,AL,1978,162,86,76,FALSE,,,714,653,0.271,0.339,0.392,0.731,,
HOU,NL,1978,162,74,88,FALSE,,,605,634,0.258,0.313,0.355,0.668,,
KCR,AL,1978,162,92,70,TRUE,3,3,743,634,0.268,0.329,0.399,0.728,,
LAD,NL,1978,162,95,67,TRUE,2,2,727,573,0.264,0.338,0.402,0.74,,
MIL,AL,1978,162,93,69,FALSE,,,804,650,0.276,0.339,0.432,0.771,,
MIN,AL,1978,162,73,89,FALSE,,,666,678,0.267,0.339,0.375,0.714,,
MON,NL,1978,162,76,86,FALSE,,,633,611,0.254,0.306,0.379,0.685,,
NYM,NL,1978,162,66,96,FALSE,,,607,690,0.245,0.314,0.352,0.666,,
NYY,AL,1978,163,100,63,TRUE,1,1,735,582,0.267,0.329,0.388,0.717,,
OAK,AL,1978,162,69,93,FALSE,,,532,690,0.245,0.303,0.351,0.654,,
PHI,NL,1978,162,90,72,TRUE,4,3,708,586,0.258,0.328,0.388,0.716,,
PIT,NL,1978,161,88,73,FALSE,,,684,637,0.257,0.32,0.385,0.705,,
SDP,NL,1978,162,84,78,FALSE,,,591,598,0.252,0.321,0.348,0.669,,
SEA,AL,1978,160,56,104,FALSE,,,614,834,0.248,0.314,0.359,0.673,,
SFG,NL,1978,162,89,73,FALSE,,,613,594,0.248,0.318,0.374,0.692,,
STL,NL,1978,162,69,93,FALSE,,,600,657,0.249,0.303,0.358,0.661,,
TEX,AL,1978,162,87,75,FALSE,,,692,632,0.253,0.332,0.381,0.713,,
TOR,AL,1978,161,59,102,FALSE,,,590,775,0.25,0.308,0.359,0.667,,
ATL,NL,1977,162,61,101,FALSE,,,678,895,0.254,0.32,0.376,0.696,,
BAL,AL,1977,161,97,64,FALSE,,,719,653,0.261,0.329,0.393,0.722,,
BOS,AL,1977,161,97,64,FALSE,,,859,712,0.281,0.345,0.465,0.81,,
CAL,AL,1977,162,74,88,FALSE,,,675,695,0.255,0.324,0.386,0.71,,
CHC,NL,1977,162,81,81,FALSE,,,692,739,0.266,0.33,0.387,0.717,,
CHW,AL,1977,162,90,72,FALSE,,,844,771,0.278,0.344,0.444,0.788,,
CIN,NL,1977,162,88,74,FALSE,,,802,725,0.274,0.345,0.436,0.781,,
CLE,AL,1977,161,71,90,FALSE,,,676,739,0.269,0.334,0.38,0.714,,
DET,AL,1977,162,74,88,FALSE,,,714,751,0.264,0.318,0.41,0.728,,
HOU,NL,1977,162,81,81,FALSE,,,680,650,0.254,0.32,0.385,0.705,,
KCR,AL,1977,162,102,60,TRUE,1,3,822,651,0.277,0.34,0.436,0.776,,
LAD,NL,1977,162,98,64,TRUE,4,2,769,582,0.266,0.336,0.418,0.754,,
MIL,AL,1977,162,67,95,FALSE,,,639,765,0.258,0.314,0.389,0.703,,
MIN,AL,1977,161,84,77,FALSE,,,867,776,0.282,0.348,0.417,0.765,,
MON,NL,1977,162,75,87,FALSE,,,665,736,0.26,0.318,0.402,0.72,,
NYM,NL,1977,162,64,98,FALSE,,,587,663,0.244,0.313,0.346,0.659,,
NYY,AL,1977,162,100,62,TRUE,3,1,831,651,0.281,0.344,0.444,0.788,,
OAK,AL,1977,161,63,98,FALSE,,,605,749,0.24,0.308,0.352,0.66,,
PHI,NL,1977,162,101,61,TRUE,2,3,847,668,0.279,0.346,0.448,0.794,,
PIT,NL,1977,162,96,66,FALSE,,,734,665,0.274,0.331,0.413,0.744,,
SDP,NL,1977,162,69,93,FALSE,,,692,834,0.249,0.324,0.375,0.699,,
SEA,AL,1977,162,64,98,FALSE,,,624,855,0.256,0.312,0.381,0.693,,
SFG,NL,1977,162,75,87,FALSE,,,673,711,0.253,0.323,0.383,0.706,,
STL,NL,1977,162,83,79,FALSE,,,737,688,0.27,0.33,0.388,0.718,,
TEX,AL,1977,162,94,68,FALSE,,,767,657,0.27,0.342,0.405,0.747,,
TOR,AL,1977,161,54,107,FALSE,,,605,822,0.252,0.316,0.365,0.681,,
ATL,NL,1976,162,70,92,FALSE,,,620,700,0.245,0.32,0.334,0.654,,
BAL,AL,1976,162,88,74,FALSE,,,619,598,0.243,0.31,0.358,0.668,,
BOS,AL,1976,162,83,79,FALSE,,,716,660,0.263,0.324,0.402,0.726,,
CAL,AL,1976,162,76,86,FALSE,,,550,631,0.235,0.306,0.318,0.624,,
CHC,NL,1976,162,75,87,FALSE,,,611,728,0.251,0.313,0.356,0.669,,
CHW,AL,1976,161,64,97,FALSE,,,586,745,0.255,0.314,0.349,0.663,,
CIN,NL,1976,162,102,60,TRUE,1,1,857,633,0.28,0.357,0.424,0.781,,
CLE,AL,1976,159,81,78,FALSE,,,615,615,0.263,0.321,0.359,0.68,,
DET,AL,1976,161,74,87,FALSE,,,609,709,0.257,0.315,0.365,0.68,,
HOU,NL,1976,162,80,82,FALSE,,,625,657,0.256,0.322,0.347,0.669,,
KCR,AL,1976,162,90,72,TRUE,4,3,713,611,0.269,0.327,0.371,0.698,,
LAD,NL,1976,162,92,70,FALSE,,,608,543,0.251,0.313,0.349,0.662,,
MIL,AL,1976,161,66,95,FALSE,,,570,655,0.246,0.311,0.34,0.651,,
MIN,AL,1976,162,85,77,FALSE,,,743,704,0.274,0.341,0.375,0.716,,
MON,NL,1976,162,55,107,FALSE,,,531,734,0.235,0.291,0.34,0.631,,
NYM,NL,1976,162,86,76,FALSE,,,615,538,0.246,0.319,0.352,0.671,,
NYY,AL,1976,159,97,62,TRUE,3,2,730,575,0.269,0.328,0.389,0.717,,
OAK,AL,1976,161,87,74,FALSE,,,686,598,0.246,0.323,0.361,0.684,,
PHI,NL,1976,162,101,61,TRUE,2,3,770,557,0.272,0.338,0.395,0.733,,
PIT,NL,1976,162,92,70,FALSE,,,708,630,0.267,0.321,0.391,0.712,,
SDP,NL,1976,162,73,89,FALSE,,,570,662,0.247,0.31,0.337,0.647,,
SFG,NL,1976,162,74,88,FALSE,,,595,686,0.246,0.312,0.345,0.657,,
STL,NL,1976,162,72,90,FALSE,,,629,671,0.26,0.323,0.359,0.682,,
TEX,AL,1976,162,76,86,FALSE,,,616,652,0.25,0.321,0.341,0.662,,
ATL,NL,1975,161,67,94,FALSE,,,583,739,0.244,0.313,0.346,0.659,,
BAL,AL,1975,159,90,69,FALSE,,,682,553,0.252,0.326,0.373,0.699,,
BOS,AL,1975,160,95,65,TRUE,3,2,796,709,0.275,0.344,0.417,0.761,,
CAL,AL,1975,161,72,89,FALSE,,,628,723,0.246,0.322,0.328,0.65,,
CHC,NL,1975,162,75,87,FALSE,,,712,827,0.259,0.338,0.368,0.706,,
CHW,AL,1975,161,75,86,FALSE,,,655,703,0.255,0.331,0.358,0.689,,
CIN,NL,1975,162,108,54,TRUE,1,1,840,586,0.271,0.353,0.401,0.754,,
CLE,AL,1975,159,79,80,FALSE,,,688,703,0.261,0.327,0.392,0.719,,
DET,AL,1975,159,57,102,FALSE,,,570,786,0.249,0.301,0.366,0.667,,
HOU,NL,1975,162,64,98,FALSE,,,664,711,0.254,0.32,0.359,0.679,,
KCR,AL,1975,162,91,71,FALSE,,,710,649,0.261,0.333,0.394,0.727,,
LAD,NL,1975,162,88,74,FALSE,,,648,534,0.248,0.325,0.365,0.69,,
MIL,AL,1975,162,68,94,FALSE,,,675,792,0.25,0.32,0.389,0.709,,
MIN,AL,1975,159,76,83,FALSE,,,724,736,0.271,0.341,0.386,0.727,,
MON,NL,1975,162,75,87,FALSE,,,601,690,0.244,0.317,0.348,0.665,,
NYM,NL,1975,162,82,80,FALSE,,,646,625,0.256,0.319,0.361,0.68,,
NYY,AL,1975,160,83,77,FALSE,,,681,588,0.264,0.325,0.382,0.707,,
OAK,AL,1975,162,98,64,TRUE,2,3,758,606,0.254,0.333,0.391,0.724,,
PHI,NL,1975,162,86,76,FALSE,,,735,694,0.269,0.342,0.402,0.744,,
PIT,NL,1975,161,92,69,TRUE,4,3,712,565,0.263,0.323,0.402,0.725,,
SDP,NL,1975,162,71,91,FALSE,,,552,683,0.244,0.31,0.335,0.645,,
SFG,NL,1975,161,80,81,FALSE,,,659,671,0.259,0.333,0.365,0.698,,
STL,NL,1975,163,82,81,FALSE,,,662,689,0.273,0.327,0.375,0.702,,
TEX,AL,1975,162,79,83,FALSE,,,714,733,0.256,0.33,0.371,0.701,,
ATL,NL,1974,163,88,75,FALSE,,,661,563,0.249,0.319,0.363,0.682,,
BAL,AL,1974,162,91,71,TRUE,2,3,659,612,0.256,0.322,0.37,0.692,,
BOS,AL,1974,162,84,78,FALSE,,,696,661,0.264,0.333,0.377,0.71,,
CAL,AL,1974,163,68,95,FALSE,,,618,657,0.254,0.321,0.356,0.677,,
CHC,NL,1974,162,66,96,FALSE,,,669,826,0.251,0.327,0.365,0.692,,
CHW,AL,1974,163,80,83,FALSE,,,684,721,0.268,0.33,0.389,0.719,,
CIN,NL,1974,163,98,65,FALSE,,,776,631,0.26,0.343,0.394,0.737,,
CLE,AL,1974,162,77,85,FALSE,,,662,694,0.255,0.311,0.37,0.681,,
DET,AL,1974,162,72,90,FALSE,,,620,768,0.247,0.303,0.366,0.669,,
HOU,NL,1974,162,81,81,FALSE,,,653,632,0.263,0.322,0.378,0.7,,
KCR,AL,1974,162,77,85,FALSE,,,667,662,0.259,0.327,0.364,0.691,,
LAD,NL,1974,162,102,60,TRUE,1,2,798,561,0.272,0.342,0.401,0.743,,
MIL,AL,1974,162,76,86,FALSE,,,647,660,0.244,0.309,0.369,0.678,,
MIN,AL,1974,163,82,81,FALSE,,,673,669,0.272,0.336,0.378,0.714,,
MON,NL,1974,161,79,82,FALSE,,,662,657,0.254,0.335,0.35,0.685,,
NYM,NL,1974,162,71,91,FALSE,,,572,646,0.235,0.311,0.329,0.64,,
NYY,AL,1974,162,89,73,FALSE,,,671,623,0.263,0.324,0.368,0.692,,
OAK,AL,1974,162,90,72,TRUE,3,1,689,551,0.247,0.321,0.373,0.694,,
PHI,NL,1974,162,80,82,FALSE,,,676,701,0.261,0.32,0.373,0.693,,
PIT,NL,1974,162,88,74,TRUE,4,3,751,657,0.274,0.335,0.391,0.726,,
SDP,NL,1974,162,60,102,FALSE,,,541,830,0.229,0.302,0.33,0.632,,
SFG,NL,1974,162,72,90,FALSE,,,634,723,0.252,0.322,0.358,0.68,,
STL,NL,1974,161,86,75,FALSE,,,677,643,0.265,0.331,0.365,0.696,,
TEX,AL,1974,161,83,78,FALSE,,,690,698,0.272,0.336,0.377,0.713,,
ATL,NL,1973,162,76,86,FALSE,,,799,774,0.266,0.339,0.427,0.766,,
BAL,AL,1973,162,97,65,TRUE,2,3,754,561,0.266,0.345,0.389,0.734,,
BOS,AL,1973,162,89,73,FALSE,,,738,647,0.267,0.338,0.401,0.739,,
CAL,AL,1973,162,79,83,FALSE,,,629,657,0.253,0.318,0.348,0.666,,
CHC,NL,1973,161,77,84,FALSE,,,614,655,0.247,0.32,0.357,0.677,,
CHW,AL,1973,162,77,85,FALSE,,,652,705,0.256,0.324,0.372,0.696,,
CIN,NL,1973,162,99,63,TRUE,1,3,741,621,0.254,0.332,0.383,0.715,,
CLE,AL,1973,162,71,91,FALSE,,,680,826,0.256,0.315,0.387,0.702,,
DET,AL,1973,162,85,77,FALSE,,,642,674,0.254,0.32,0.39,0.71,,
HOU,NL,1973,162,82,80,FALSE,,,681,672,0.251,0.312,0.376,0.688,,
KCR,AL,1973,162,88,74,FALSE,,,755,752,0.261,0.339,0.381,0.72,,
LAD,NL,1973,162,95,67,FALSE,,,675,565,0.263,0.323,0.371,0.694,,
MIL,AL,1973,162,74,88,FALSE,,,708,731,0.253,0.325,0.388,0.713,,
MIN,AL,1973,162,81,81,FALSE,,,738,692,0.27,0.342,0.393,0.735,,
MON,NL,1973,162,79,83,FALSE,,,668,702,0.251,0.34,0.364,0.704,,
NYM,NL,1973,161,82,79,TRUE,4,2,608,588,0.246,0.315,0.338,0.653,,
NYY,AL,1973,162,80,82,FALSE,,,641,610,0.261,0.322,0.378,0.7,,
OAK,AL,1973,162,94,68,TRUE,3,1,758,615,0.26,0.333,0.389,0.722,,
PHI,NL,1973,162,71,91,FALSE,,,642,717,0.249,0.31,0.371,0.681,,
PIT,NL,1973,162,80,82,FALSE,,,704,693,0.261,0.315,0.405,0.72,,
SDP,NL,1973,162,60,102,FALSE,,,548,770,0.244,0.296,0.351,0.647,,
SFG,NL,1973,162,88,74,FALSE,,,739,702,0.262,0.335,0.407,0.742,,
STL,NL,1973,162,81,81,FALSE,,,643,603,0.259,0.325,0.357,0.682,,
TEX,AL,1973,162,57,105,FALSE,,,619,844,0.255,0.318,0.361,0.679,,
ATL,NL,1971,162,82,80,FALSE,,,643,699,0.257,0.312,0.385,0.697,,
BAL,AL,1971,158,101,57,TRUE,1,2,742,530,0.261,0.347,0.398,0.745,,
BOS,AL,1971,162,85,77,FALSE,,,691,667,0.252,0.322,0.397,0.719,,
CAL,AL,1971,162,76,86,FALSE,,,511,576,0.231,0.29,0.329,0.619,,
CHC,NL,1971,162,83,79,FALSE,,,637,648,0.258,0.325,0.378,0.703,,
CHW,AL,1971,162,79,83,FALSE,,,617,597,0.25,0.325,0.373,0.698,,
CIN,NL,1971,162,79,83,FALSE,,,586,581,0.241,0.3,0.366,0.666,,
CLE,AL,1971,162,60,102,FALSE,,,543,747,0.238,0.3,0.342,0.642,,
DET,AL,1971,162,91,71,FALSE,,,701,645,0.254,0.325,0.405,0.73,,
HOU,NL,1971,162,79,83,FALSE,,,585,567,0.24,0.302,0.34,0.642,,
KCR,AL,1971,161,85,76,FALSE,,,603,566,0.25,0.313,0.353,0.666,,
LAD,NL,1971,162,89,73,FALSE,,,663,587,0.266,0.325,0.37,0.695,,
MIL,AL,1971,161,69,92,FALSE,,,534,609,0.229,0.304,0.329,0.633,,
MIN,AL,1971,160,74,86,FALSE,,,654,670,0.26,0.323,0.372,0.695,,
MON,NL,1971,162,71,91,FALSE,,,622,729,0.246,0.322,0.343,0.665,,
NYM,NL,1971,162,83,79,FALSE,,,588,550,0.249,0.319,0.351,0.67,,
NYY,AL,1971,162,81,81,FALSE,,,648,641,0.254,0.328,0.36,0.688,,
OAK,AL,1971,161,101,60,TRUE,1,3,691,564,0.252,0.321,0.384,0.705,,
PHI,NL,1971,162,67,95,FALSE,,,558,688,0.233,0.298,0.35,0.648,,
PIT,NL,1971,162,97,65,TRUE,2,1,788,599,0.274,0.33,0.416,0.746,,
SDP,NL,1971,161,61,100,FALSE,,,486,610,0.233,0.293,0.332,0.625,,
SFG,NL,1971,162,90,72,TRUE,3,3,706,644,0.247,0.329,0.378,0.707,,
STL,NL,1971,163,90,73,FALSE,,,739,699,0.275,0.338,0.385,0.723,,
WSA,AL,1971,159,63,96,FALSE,,,537,660,0.23,0.307,0.326,0.633,,
ATL,NL,1970,162,76,86,FALSE,,,736,772,0.27,0.334,0.404,0.738,,
BAL,AL,1970,162,108,54,TRUE,1,1,792,574,0.257,0.344,0.401,0.745,,
BOS,AL,1970,162,87,75,FALSE,,,786,722,0.262,0.335,0.428,0.763,,
CAL,AL,1970,162,86,76,FALSE,,,631,630,0.251,0.309,0.363,0.672,,
CHC,NL,1970,162,84,78,FALSE,,,806,679,0.259,0.333,0.415,0.748,,
CHW,AL,1970,162,56,106,FALSE,,,633,822,0.253,0.315,0.362,0.677,,
CIN,NL,1970,162,102,60,TRUE,2,2,775,681,0.27,0.336,0.436,0.772,,
CLE,AL,1970,162,76,86,FALSE,,,649,675,0.249,0.314,0.394,0.708,,
DET,AL,1970,162,79,83,FALSE,,,666,731,0.238,0.322,0.374,0.696,,
HOU,NL,1970,162,79,83,FALSE,,,744,763,0.259,0.332,0.391,0.723,,
KCR,AL,1970,162,65,97,FALSE,,,611,705,0.244,0.309,0.348,0.657,,
LAD,NL,1970,161,87,74,FALSE,,,749,684,0.27,0.334,0.382,0.716,,
MIL,AL,1970,163,65,98,FALSE,,,613,751,0.242,0.319,0.358,0.677,,
MIN,AL,1970,162,98,64,TRUE,3,3,744,605,0.262,0.327,0.403,0.73,,
MON,NL,1970,162,73,89,FALSE,,,687,807,0.237,0.323,0.365,0.688,,
NYM,NL,1970,162,83,79,FALSE,,,695,630,0.249,0.333,0.37,0.703,,
NYY,AL,1970,163,93,70,FALSE,,,680,612,0.251,0.324,0.365,0.689,,
OAK,AL,1970,162,89,73,FALSE,,,678,593,0.249,0.325,0.392,0.717,,
PHI,NL,1970,161,73,88,FALSE,,,594,730,0.238,0.305,0.356,0.661,,
PIT,NL,1970,162,89,73,TRUE,4,3,729,664,0.27,0.325,0.406,0.731,,
SDP,NL,1970,162,63,99,FALSE,,,681,788,0.246,0.312,0.391,0.703,,
SFG,NL,1970,162,86,76,FALSE,,,831,826,0.262,0.351,0.409,0.76,,
STL,NL,1970,162,76,86,FALSE,,,744,747,0.263,0.331,0.379,0.71,,
WSA,AL,1970,162,70,92,FALSE,,,626,689,0.238,0.321,0.358,0.679,,
ATL,NL,1969,162,93,69,TRUE,4,3,691,631,0.258,0.321,0.38,0.701,,
BAL,AL,1969,162,109,53,TRUE,1,2,779,517,0.265,0.343,0.414,0.757,,
BOS,AL,1969,162,87,75,FALSE,,,743,736,0.251,0.333,0.415,0.748,,
CAL,AL,1969,163,71,92,FALSE,,,528,652,0.23,0.3,0.319,0.619,,
CHC,NL,1969,163,92,71,FALSE,,,720,611,0.253,0.323,0.384,0.707,,
CHW,AL,1969,162,68,94,FALSE,,,625,723,0.247,0.32,0.357,0.677,,
CIN,NL,1969,163,89,74,FALSE,,,798,768,0.277,0.335,0.422,0.757,,
CLE,AL,1969,161,62,99,FALSE,,,573,717,0.237,0.307,0.345,0.652,,
DET,AL,1969,162,90,72,FALSE,,,701,601,0.242,0.316,0.387,0.703,,
HOU,NL,1969,162,81,81,FALSE,,,676,668,0.24,0.33,0.352,0.682,,
KCR,AL,1969,163,69,94,FALSE,,,586,688,0.24,0.309,0.338,0.647,,
LAD,NL,1969,162,85,77,FALSE,,,645,561,0.254,0.315,0.359,0.674,,
MIN,AL,1969,162,97,65,TRUE,3,3,790,618,0.268,0.34,0.408,0.748,,
MON,NL,1969,162,52,110,FALSE,,,582,791,0.24,0.31,0.359,0.669,,
NYM,NL,1969,162,100,62,TRUE,2,1,632,541,0.242,0.311,0.351,0.662,,
NYY,AL,1969,162,80,82,FALSE,,,562,587,0.235,0.308,0.344,0.652,,
OAK,AL,1969,162,88,74,FALSE,,,740,678,0.249,0.329,0.376,0.705,,
PHI,NL,1969,162,63,99,FALSE,,,645,745,0.241,0.312,0.372,0.684,,
PIT,NL,1969,162,88,74,FALSE,,,725,652,0.277,0.334,0.398,0.732,,
SDP,NL,1969,162,52,110,FALSE,,,468,746,0.225,0.285,0.329,0.614,,
SEP,AL,1969,163,64,99,FALSE,,,639,799,0.234,0.316,0.346,0.662,,
SFG,NL,1969,162,90,72,FALSE,,,713,636,0.242,0.334,0.361,0.695,,
STL,NL,1969,162,87,75,FALSE,,,595,540,0.253,0.316,0.359,0.675,,
WSA,AL,1969,162,86,76,FALSE,,,694,644,0.251,0.33,0.378,0.708,,
ATL,NL,1968,163,81,82,FALSE,,,514,549,0.252,0.307,0.339,0.646,,
BAL,AL,1968,162,91,71,FALSE,,,579,497,0.225,0.304,0.352,0.656,,
BOS,AL,1968,162,86,76,FALSE,,,614,611,0.236,0.313,0.352,0.665,,
CAL,AL,1968,162,67,95,FALSE,,,498,615,0.227,0.291,0.318,0.609,,
CHC,NL,1968,163,84,79,FALSE,,,612,611,0.242,0.298,0.366,0.664,,
CHW,AL,1968,162,67,95,FALSE,,,463,527,0.228,0.284,0.311,0.595,,
CIN,NL,1968,163,83,80,FALSE,,,690,673,0.273,0.32,0.389,0.709,,
CLE,AL,1968,162,86,76,FALSE,,,516,504,0.234,0.293,0.327,0.62,,
DET,AL,1968,164,103,61,TRUE,1,1,671,492,0.235,0.307,0.385,0.692,,
HOU,NL,1968,162,72,90,FALSE,,,510,588,0.231,0.298,0.317,0.615,,
LAD,NL,1968,162,76,86,FALSE,,,470,509,0.23,0.289,0.319,0.608,,
MIN,AL,1968,162,79,83,FALSE,,,562,546,0.237,0.299,0.35,0.649,,
NYM,NL,1968,163,73,90,FALSE,,,473,499,0.228,0.281,0.315,0.596,,
NYY,AL,1968,164,83,81,FALSE,,,536,531,0.214,0.292,0.318,0.61,,
OAK,AL,1968,163,82,81,FALSE,,,569,544,0.24,0.304,0.343,0.647,,
PHI,NL,1968,162,76,86,FALSE,,,543,615,0.233,0.294,0.333,0.627,,
PIT,NL,1968,163,80,83,FALSE,,,583,532,0.252,0.306,0.343,0.649,,
SFG,NL,1968,163,88,75,FALSE,,,599,529,0.239,0.307,0.341,0.648,,
STL,NL,1968,162,97,65,TRUE,2,2,583,472,0.249,0.298,0.346,0.644,,
WSA,AL,1968,161,65,96,FALSE,,,524,665,0.224,0.287,0.336,0.623,,
ATL,NL,1967,162,77,85,FALSE,,,631,640,0.24,0.307,0.372,0.679,,
BAL,AL,1967,161,76,85,FALSE,,,654,592,0.24,0.31,0.372,0.682,,
BOS,AL,1967,162,92,70,TRUE,2,2,722,614,0.255,0.321,0.395,0.716,,
CAL,AL,1967,161,84,77,FALSE,,,567,587,0.238,0.301,0.349,0.65,,
CHC,NL,1967,162,87,75,FALSE,,,702,624,0.251,0.316,0.378,0.694,,
CHW,AL,1967,162,89,73,FALSE,,,531,491,0.225,0.291,0.32,0.611,,
CIN,NL,1967,162,87,75,FALSE,,,604,563,0.248,0.297,0.372,0.669,,
CLE,AL,1967,162,75,87,FALSE,,,559,613,0.235,0.293,0.359,0.652,,
DET,AL,1967,163,91,72,FALSE,,,683,587,0.243,0.325,0.376,0.701,,
HOU,NL,1967,162,69,93,FALSE,,,626,742,0.249,0.317,0.364,0.681,,
KCA,AL,1967,161,62,99,FALSE,,,533,660,0.233,0.296,0.33,0.626,,
LAD,NL,1967,162,73,89,FALSE,,,519,595,0.236,0.301,0.332,0.633,,
MIN,AL,1967,164,91,73,FALSE,,,671,590,0.24,0.309,0.369,0.678,,
NYM,NL,1967,162,61,101,FALSE,,,498,672,0.238,0.288,0.325,0.613,,
NYY,AL,1967,163,72,91,FALSE,,,522,621,0.225,0.296,0.317,0.613,,
PHI,NL,1967,162,82,80,FALSE,,,612,581,0.242,0.313,0.357,0.67,,
PIT,NL,1967,163,81,82,FALSE,,,679,693,0.277,0.324,0.38,0.704,,
SFG,NL,1967,162,91,71,FALSE,,,652,551,0.245,0.313,0.372,0.685,,
STL,NL,1967,161,101,60,TRUE,1,1,695,557,0.263,0.32,0.379,0.699,,
WSA,AL,1967,161,76,85,FALSE,,,550,637,0.223,0.288,0.326,0.614,,
ATL,NL,1966,163,85,78,FALSE,,,782,683,0.263,0.326,0.424,0.75,,
BAL,AL,1966,160,97,63,TRUE,1,1,755,601,0.258,0.324,0.409,0.733,,
BOS,AL,1966,162,72,90,FALSE,,,655,731,0.24,0.31,0.376,0.686,,
CAL,AL,1966,162,80,82,FALSE,,,604,643,0.232,0.303,0.354,0.657,,
CHC,NL,1966,162,59,103,FALSE,,,644,809,0.254,0.313,0.38,0.693,,
CHW,AL,1966,163,83,80,FALSE,,,574,517,0.231,0.297,0.331,0.628,,
CIN,NL,1966,160,76,84,FALSE,,,692,702,0.26,0.309,0.395,0.704,,
CLE,AL,1966,162,81,81,FALSE,,,574,586,0.237,0.297,0.36,0.657,,
DET,AL,1966,162,88,74,FALSE,,,719,698,0.251,0.321,0.406,0.727,,
HOU,NL,1966,163,72,91,FALSE,,,612,695,0.255,0.318,0.365,0.683,,
KCA,AL,1966,160,74,86,FALSE,,,564,648,0.236,0.294,0.337,0.631,,
LAD,NL,1966,162,95,67,TRUE,2,2,606,490,0.256,0.314,0.362,0.676,,
MIN,AL,1966,162,89,73,FALSE,,,663,581,0.249,0.316,0.382,0.698,,
NYM,NL,1966,161,66,95,FALSE,,,587,761,0.239,0.301,0.342,0.643,,
NYY,AL,1966,160,70,90,FALSE,,,611,612,0.235,0.299,0.374,0.673,,
PHI,NL,1966,162,87,75,FALSE,,,696,640,0.258,0.322,0.378,0.7,,
PIT,NL,1966,162,92,70,FALSE,,,759,641,0.279,0.329,0.428,0.757,,
SFG,NL,1966,161,93,68,FALSE,,,675,626,0.248,0.303,0.392,0.695,,
STL,NL,1966,162,83,79,FALSE,,,571,577,0.251,0.298,0.368,0.666,,
WSA,AL,1966,159,71,88,FALSE,,,557,659,0.234,0.295,0.355,0.65,,
BAL,AL,1965,162,94,68,FALSE,,,641,578,0.238,0.307,0.363,0.67,,
BOS,AL,1965,162,62,100,FALSE,,,669,791,0.251,0.327,0.4,0.727,,
CAL,AL,1965,162,75,87,FALSE,,,527,569,0.239,0.297,0.341,0.638,,
CHC,NL,1965,164,72,92,FALSE,,,635,723,0.238,0.307,0.358,0.665,,
CHW,AL,1965,162,95,67,FALSE,,,647,555,0.246,0.315,0.364,0.679,,
CIN,NL,1965,162,89,73,FALSE,,,825,704,0.273,0.339,0.439,0.778,,
CLE,AL,1965,162,87,75,FALSE,,,663,613,0.25,0.315,0.379,0.694,,
DET,AL,1965,162,89,73,FALSE,,,680,602,0.238,0.312,0.374,0.686,,
HOU,NL,1965,162,65,97,FALSE,,,569,711,0.237,0.305,0.34,0.645,,
KCA,AL,1965,162,59,103,FALSE,,,585,755,0.24,0.309,0.358,0.667,,
LAD,NL,1965,162,97,65,TRUE,2,1,608,521,0.245,0.312,0.335,0.647,,
MIN,AL,1965,162,102,60,TRUE,1,2,774,600,0.254,0.324,0.399,0.723,,
MLN,NL,1965,162,86,76,FALSE,,,708,633,0.256,0.31,0.416,0.726,,
NYM,NL,1965,164,50,114,FALSE,,,495,752,0.221,0.277,0.327,0.604,,
NYY,AL,1965,162,77,85,FALSE,,,611,604,0.235,0.299,0.364,0.663,,
PHI,NL,1965,162,85,77,FALSE,,,654,667,0.25,0.313,0.384,0.697,,
PIT,NL,1965,163,90,73,FALSE,,,675,580,0.265,0.317,0.382,0.699,,
SFG,NL,1965,163,95,68,FALSE,,,682,593,0.252,0.313,0.385,0.698,,
STL,NL,1965,162,80,82,FALSE,,,707,674,0.254,0.314,0.371,0.685,,
WSA,AL,1965,162,70,92,FALSE,,,591,721,0.228,0.304,0.35,0.654,,
BAL,AL,1964,163,97,66,FALSE,,,679,567,0.248,0.316,0.387,0.703,,
BOS,AL,1964,162,72,90,FALSE,,,688,793,0.258,0.322,0.416,0.738,,
CHC,NL,1964,162,76,86,FALSE,,,649,724,0.251,0.314,0.39,0.704,,
CHW,AL,1964,162,98,64,FALSE,,,642,501,0.247,0.32,0.353,0.673,,
CIN,NL,1964,163,92,71,FALSE,,,660,566,0.249,0.308,0.372,0.68,,
CLE,AL,1964,164,79,85,FALSE,,,689,693,0.247,0.312,0.38,0.692,,
DET,AL,1964,163,85,78,FALSE,,,699,678,0.253,0.319,0.395,0.714,,
HOU,NL,1964,162,66,96,FALSE,,,495,628,0.229,0.285,0.315,0.6,,
KCA,AL,1964,163,57,106,FALSE,,,621,836,0.239,0.311,0.379,0.69,,
LAA,AL,1964,162,82,80,FALSE,,,544,551,0.242,0.304,0.344,0.648,,
LAD,NL,1964,164,80,84,FALSE,,,614,572,0.25,0.305,0.34,0.645,,
MIN,AL,1964,163,79,84,FALSE,,,737,678,0.252,0.322,0.427,0.749,,
MLN,NL,1964,162,88,74,FALSE,,,803,744,0.272,0.333,0.418,0.751,,
NYM,NL,1964,163,53,110,FALSE,,,569,776,0.246,0.296,0.348,0.644,,
NYY,AL,1964,164,99,65,TRUE,1,2,730,577,0.253,0.317,0.387,0.704,,
PHI,NL,1964,162,92,70,FALSE,,,693,632,0.258,0.315,0.391,0.706,,
PIT,NL,1964,162,80,82,FALSE,,,663,636,0.264,0.315,0.389,0.704,,
SFG,NL,1964,162,90,72,FALSE,,,656,587,0.246,0.31,0.382,0.692,,
STL,NL,1964,162,93,69,TRUE,2,1,715,652,0.272,0.324,0.392,0.716,,
WSA,AL,1964,162,62,100,FALSE,,,578,733,0.231,0.299,0.348,0.647,,
BAL,AL,1963,162,86,76,FALSE,,,644,621,0.249,0.31,0.38,0.69,,
BOS,AL,1963,161,76,85,FALSE,,,666,704,0.252,0.312,0.4,0.712,,
CHC,NL,1963,162,82,80,FALSE,,,570,578,0.238,0.297,0.363,0.66,,
CHW,AL,1963,162,94,68,FALSE,,,683,544,0.25,0.323,0.365,0.688,,
CIN,NL,1963,162,86,76,FALSE,,,648,594,0.246,0.31,0.371,0.681,,
CLE,AL,1963,162,79,83,FALSE,,,635,702,0.239,0.301,0.381,0.682,,
DET,AL,1963,162,79,83,FALSE,,,700,703,0.252,0.327,0.382,0.709,,
HOU,NL,1963,162,66,96,FALSE,,,464,640,0.22,0.283,0.301,0.584,,
KCA,AL,1963,162,73,89,FALSE,,,615,704,0.247,0.313,0.353,0.666,,
LAA,AL,1963,161,70,91,FALSE,,,597,660,0.25,0.309,0.354,0.663,,
LAD,NL,1963,163,99,64,TRUE,2,1,640,550,0.251,0.309,0.357,0.666,,
MIN,AL,1963,161,91,70,FALSE,,,767,602,0.255,0.325,0.43,0.755,,
MLN,NL,1963,163,84,79,FALSE,,,677,603,0.244,0.312,0.37,0.682,,
NYM,NL,1963,162,51,111,FALSE,,,501,774,0.219,0.285,0.315,0.6,,
NYY,AL,1963,161,104,57,TRUE,1,2,714,547,0.252,0.309,0.403,0.712,,
PHI,NL,1963,162,87,75,FALSE,,,642,578,0.252,0.306,0.381,0.687,,
PIT,NL,1963,162,74,88,FALSE,,,567,595,0.25,0.309,0.359,0.668,,
SFG,NL,1963,162,88,74,FALSE,,,725,641,0.258,0.316,0.414,0.73,,
STL,NL,1963,162,93,69,FALSE,,,747,628,0.271,0.326,0.403,0.729,,
WSA,AL,1963,162,56,106,FALSE,,,578,812,0.227,0.293,0.351,0.644,,
BAL,AL,1962,162,77,85,FALSE,,,652,680,0.248,0.314,0.387,0.701,,
BOS,AL,1962,160,76,84,FALSE,,,707,756,0.258,0.324,0.403,0.727,,
CHC,NL,1962,162,59,103,FALSE,,,632,827,0.253,0.317,0.377,0.694,,
CHW,AL,1962,162,85,77,FALSE,,,707,658,0.257,0.334,0.372,0.706,,
CIN,NL,1962,162,98,64,FALSE,,,802,685,0.27,0.332,0.417,0.749,,
CLE,AL,1962,162,80,82,FALSE,,,682,745,0.245,0.312,0.388,0.7,,
DET,AL,1962,161,85,76,FALSE,,,758,692,0.248,0.33,0.411,0.741,,
HOU,NL,1962,162,64,98,FALSE,,,592,717,0.246,0.31,0.351,0.661,,
KCA,AL,1962,162,72,90,FALSE,,,745,837,0.263,0.332,0.386,0.718,,
LAA,AL,1962,162,86,76,FALSE,,,718,706,0.25,0.325,0.38,0.705,,
LAD,NL,1962,165,102,63,FALSE,,,842,697,0.268,0.337,0.4,0.737,,
MIN,AL,1962,163,91,72,FALSE,,,798,713,0.26,0.338,0.412,0.75,,
MLN,NL,1962,162,86,76,FALSE,,,730,665,0.252,0.326,0.403,0.729,,
NYM,NL,1962,161,40,121,FALSE,,,617,948,0.24,0.318,0.361,0.679,,
NYY,AL,1962,162,96,66,TRUE,2,1,817,680,0.267,0.337,0.426,0.763,,
PHI,NL,1962,161,81,80,FALSE,,,705,759,0.26,0.33,0.39,0.72,,
PIT,NL,1962,161,93,68,FALSE,,,706,626,0.268,0.321,0.394,0.715,,
SFG,NL,1962,165,103,62,TRUE,1,2,878,690,0.278,0.341,0.441,0.782,,
STL,NL,1962,163,84,79,FALSE,,,774,664,0.271,0.335,0.394,0.729,,
WSA,AL,1962,162,60,102,FALSE,,,599,716,0.25,0.308,0.373,0.681,,
